,Unnamed: 0,state,text,lat,lon,followers,favorites,friends,statuses_count,compound,pos,neg
0,2,Alabama,RT @broebong: kick it under the fridge https://t.co/B1wf0cdlti,32.88636074074076,-86.81363913580246,92,1134,77,1216,0.0,0.0,0.0
1,50,Colorado,RT @nicemovemumbles: Who is she https://t.co/fH4oDR8hWy,39.26417565891477,-105.31754434108538,1487,2587,1270,30499,0.0,0.0,0.0
2,0,Alabama,"RT @GDouglasJones: I stood up to the KKK, I will stand up for Alabama. I will not embarrass you.

It begins right now.

Donate:
https://t.c‚Ä¶",32.88636074074076,-86.81363913580246,87,19087,462,9981,0.2235,0.082,0.0
3,1,Alabama,RT @broebong: kick it under the fridge https://t.co/B1wf0cdlti,32.88636074074076,-86.81363913580246,589,4163,425,1948,0.0,0.0,0.0
4,3,Alabama,hot rod is the best movie to come out in the last decade &amp; i just want a man who gets that,32.88636074074076,-86.81363913580246,184,15645,207,7509,0.6705,0.234,0.0
5,4,Alabama,I forgot to reply https://t.co/3Ia4aRUlXx,32.88636074074076,-86.81363913580246,1565,7191,648,15637,0.0,0.0,0.0
6,5,Alabama,üò≠ https://t.co/r4SoOfUhMi,32.88636074074076,-86.81363913580246,274,2458,1150,632,0.0,0.0,0.0
7,6,Alabama,That don't mean you gone get chased though might jog a bit but that's it.. https://t.co/a6YSrLCZly,32.88636074074076,-86.81363913580246,421,454,365,17550,0.0,0.0,0.0
8,7,Alabama,RT @broebong: kick it under the fridge https://t.co/B1wf0cdlti,32.88636074074076,-86.81363913580246,1392,23404,309,35960,0.0,0.0,0.0
9,8,Alabama,@TerrellChuggs CHNBACBDAHKJD,32.88636074074076,-86.81363913580246,3032,2091,1907,432688,0.0,0.0,0.0
10,9,Alabama,RT @broebong: kick it under the fridge https://t.co/B1wf0cdlti,32.88636074074076,-86.81363913580246,527,3573,504,14681,0.0,0.0,0.0
11,10,Alaska,"„ÄêÂæÆÂ∞èÂú∞ÈúáÈÄüÂ†±„Äë
2017/09/27 5:06:45 JST, 
„Ç¢„É°„É™„Ç´ÂêàË°ÜÂõΩ „Ç¢„É≥„Ç´„É¨„ÉÉ„Ç∏„ÅÆË•ø117km, 
ML1.5, TNT2.7kg, Ê∑±„Åï0.3km, 
https://t.co/6bQJzdLK9N",61.45642344322346,-152.4869813186814,1518,0,5,115925,0.0,0.0,0.0
12,11,Alaska,"1.5 magnitude #earthquake. 74 km from Nikiski, #AK, United States https://t.co/k4kosfxPaW",61.45642344322346,-152.4869813186814,118579,0,10,148782,0.4215,0.219,0.0
13,12,Alaska,"USGS reports a M1.5 #earthquake 74km NW of Nikiski, Alaska on 9/26/17 @ 20:06:45 UTC https://t.co/oi83IKFfF5 #quake",61.45642344322346,-152.4869813186814,10677,5,18,230570,0.0,0.0,0.0
14,13,Alaska,"„ÄêÂæÆÂ∞èÂú∞ÈúáÈÄüÂ†±„Äë
2017/09/27 2:09:21 JST, 
„Ç¢„É°„É™„Ç´ÂêàË°ÜÂõΩ „Ç¢„É≥„Ç´„É¨„ÉÉ„Ç∏„ÅÆË•øÂçóË•ø141km, 
ML1.7, TNT5.4kg, Ê∑±„Åï129.6km, 
https://t.co/pB9bgObwqA",61.45642344322346,-152.4869813186814,1518,0,5,115925,0.0,0.0,0.0
15,14,Alaska,"1.9 magnitude #earthquake. 64 km from Nikiski, #AK, United States https://t.co/yjBhC9GzmD",61.45642344322346,-152.4869813186814,118579,0,10,148782,0.4215,0.219,0.0
16,15,Alaska,"USGS reports a M1.7 #earthquake 49km NNE of Redoubt Volcano, Alaska on 9/26/17 @ 17:09:21 UTC https://t.co/KOnIlP23py #quake",61.45642344322346,-152.4869813186814,10677,5,18,230570,0.0,0.0,0.0
17,16,Alaska,"USGS reports a M0.7 #earthquake 70km NW of Nikiski, Alaska on 9/25/17 @ 21:22:35 UTC https://t.co/pf5qQAZUm5 #quake",61.45642344322346,-152.4869813186814,10677,5,18,230570,0.0,0.0,0.0
18,17,Arizona,Playboy founder Hugh Hefner dead at 91 https://t.co/aGSvZvLgpa,33.610081835564074,-111.64792657743786,37016,55253,29901,66293,-0.6486,0.0,0.381
19,18,Arizona,RT @abc15: BREAKING: Playboy founder Hugh Hefner has died at the age of 91.  https://t.co/lI46cUmUJl https://t.co/9vZULIHXzw,33.610081835564074,-111.64792657743786,103,860,109,7288,-0.5574,0.0,0.194
20,19,Arizona,@Crashgladys @kennyandcrash #RIP #HughHefner. See u in that big vagina in the sky. Lok,33.610081835564074,-111.64792657743786,11,2,78,809,0.0,0.0,0.0
21,20,Arizona,RT @DrainTheSwampOK: Cancelled my NFL package. They are not going to disgrace this country ant Vets on my Dime,33.610081835564074,-111.64792657743786,1855,4743,2343,35381,0.1601,0.122,0.092
22,21,Arizona,@ALawRadio Some small school looking to generate buzz will sign him. The better question is will he ever coach a top D-1 program?,33.610081835564074,-111.64792657743786,532,4714,731,2830,0.5719,0.19,0.0
23,22,Arizona,@tammyrenasmith @GroundLevelUp @MTV They all say @MTV makes us look bad no they don't y'all make yourselves look that way..,33.610081835564074,-111.64792657743786,51,8468,269,569,-0.6908,0.0,0.241
24,23,Arizona,@wwviveus Yeah I seen pics of my party on people pages and no PC üò§,33.610081835564074,-111.64792657743786,661,8906,515,12417,0.4019,0.287,0.129
25,24,Arizona,RIP Hugh Hefner.  You certainly made your mark on the world. #theOriginalPlayboy https://t.co/CVGTQIxwpQ,33.610081835564074,-111.64792657743786,1982,322,644,15064,0.34,0.167,0.0
26,25,Arizona,https://t.co/jXHi74EatW,33.610081835564074,-111.64792657743786,870,1714,785,3040,0.0,0.0,0.0
27,26,Arizona,@AikowolfAD ;;,33.610081835564074,-111.64792657743786,293,3758,234,666,0.0,0.0,0.0
28,27,Arkansas,@PureIntensityBB Love it!,35.12472332859177,-92.40267596017077,358,975,370,1396,0.6696,0.692,0.0
29,28,Arkansas,DOCTORS: Let us show you how to help your patent qualify for Social Security disability benefits.  https://t.co/0DTaeQ89Xn,35.12472332859177,-92.40267596017077,31,4,47,289,0.7717,0.355,0.0
30,29,Arkansas,deaddd https://t.co/krv6wyXKsh,35.12472332859177,-92.40267596017077,158,2975,60,1740,0.0,0.0,0.0
31,30,Arkansas,"RT @BrentDearmon: Recruits, I delete 90% of emails from recruiting services. I delete 0% of personal emails from players or HS coaches. #FYI",35.12472332859177,-92.40267596017077,940,1072,1362,4476,0.0,0.0,0.0
32,31,Arkansas,"@AttackingTucans In this day and age, probably",35.12472332859177,-92.40267596017077,301,975,524,13662,0.0,0.0,0.0
33,32,Arkansas,some of you bitches will literally say and do anything for attention.,35.12472332859177,-92.40267596017077,314,4909,712,4433,-0.5994,0.0,0.262
34,33,Arkansas,"Red Hot Rocks by Darren J. Bennett

https://t.co/D4reVl89km https://t.co/X1uEA9RTf6",35.12472332859177,-92.40267596017077,23428,598,15377,52159,0.0,0.0,0.0
35,34,California,"Critique of Clinton does not constitute support for MAGA, current gov, or perverting the Stars &amp; Stripes into a proxy for the rebel flag.",36.170737722007715,-119.79270073359119,1542,6618,1188,44459,-0.5938,0.0,0.227
36,35,California,"Celebrate Epcot‚Äôs 35th October 1 With Exclusive Merchandise, Special Fireworks Finale &amp; More https://t.co/G6w9TOyCD8",36.170737722007715,-119.79270073359119,11778,192,3613,15770,0.7845,0.441,0.0
37,36,California,"At 52, there's no way I could become a #CodeNewbie - tech/coding aimed at young, not, um, ""past middle age"".",36.170737722007715,-119.79270073359119,10,21,34,79,-0.296,0.0,0.121
38,37,California,"RIP @hughhefner - absolute legend and part of the American fabric. Well, lack of fabric but...",36.170737722007715,-119.79270073359119,146,262,335,863,-0.0516,0.121,0.132
39,38,California,"Like when #MAGA says ""There is a President in the Whitehouse"". https://t.co/v3e7N6x4XM",36.170737722007715,-119.79270073359119,382,3223,1067,10199,0.3612,0.2,0.0
40,39,California,"RT @JohnShrable: BREAKING: Rescue efforts continue after a rock slide on popular #Yosemite climbing route kills one, injures another.  Phot‚Ä¶",36.170737722007715,-119.79270073359119,722,4688,1356,7017,0.3818,0.238,0.137
41,40,California,RT @AlyssaGarver: Sab is the angel sitting on my left should and Marissa is the devil on my right üòÇ,36.170737722007715,-119.79270073359119,1475,19515,719,25425,-0.6597,0.0,0.196
42,41,California,https://t.co/0YzHR6yKVe,36.170737722007715,-119.79270073359119,453,1113,439,2396,0.0,0.0,0.0
43,42,California,This is the third time Yolanda has saved her owner's life. https://t.co/52NNzPL41h,36.170737722007715,-119.79270073359119,1254,0,1357,12042,0.4215,0.203,0.0
44,43,California,@_MexicanBlack Yeah man my nigga escaped 2016 but 2017 got his ass,36.170737722007715,-119.79270073359119,60402,5465,173,21026,-0.631,0.098,0.291
45,44,Colorado,"@avrilanche @KCAvsFan9 @Avalangelist Okay then,  ""6""",39.26417565891477,-105.31754434108538,178,17248,529,10771,0.2263,0.275,0.0
46,45,Colorado,"RT @kreativekell: Trumpy claims he was told next Tuesday ""is the earliest day"" he could travel to Puerto Rico ""without hampering ongoing re‚Ä¶",39.26417565891477,-105.31754434108538,12281,13760,4986,109819,0.0,0.0,0.0
47,46,Colorado,Feds clear Colorado dairy in probe of organic-milk practices https://t.co/VovN7Rdhv4,39.26417565891477,-105.31754434108538,1497,2,288,102077,0.3818,0.224,0.0
48,47,Colorado,@CodyCostra @MRHSGRIZZLIES That‚Äôs so wild. I swear he‚Äôs still like 10. üòÇüòÇ,39.26417565891477,-105.31754434108538,227,2323,457,9878,0.2551,0.193,0.114
49,48,Colorado,"RT @Broncos: üö® New cover photo üö®

#BroncosCountry, change yours to show you're ready to #BeatTheRaiders! https://t.co/KNgsc2mg53",39.26417565891477,-105.31754434108538,262,1111,159,22518,0.4199,0.166,0.0
50,49,Colorado,"dua lipa.. azealia banks.. lana del rey.. kali uchis.. lady gaga.. 

someone wanna loan me 10k thx üôÉ",39.26417565891477,-105.31754434108538,269,2662,255,23076,0.3612,0.135,0.0
51,51,Colorado,Please support my GoFundMe campaign: https://t.co/h0ASQKV68t @gofundme https://t.co/DGvbNHtiUZ,39.26417565891477,-105.31754434108538,7,4,131,7,0.6124,0.455,0.0
52,52,Colorado,@funnestbummer I literally thought he couldn‚Äôt die,39.26417565891477,-105.31754434108538,645,7775,743,4120,-0.5994,0.0,0.438
53,53,Connecticut,@veteranhank @JessK54472936 We do have the best flag,41.56313030303031,-72.80492797202801,2606,35850,3066,35271,0.6369,0.375,0.0
54,54,Connecticut,RT @1307th: https://t.co/4XulQOw2Ga,41.56313030303031,-72.80492797202801,1084,3778,3135,23041,0.0,0.0,0.0
55,55,Connecticut,"RT @espn: Deshaun Watson gave his first game check to Texans employees who lost everything in Hurricane Harvey.

There wasn't a dry eye in‚Ä¶",41.56313030303031,-72.80492797202801,86,3405,156,6486,-0.3182,0.0,0.095
56,56,Connecticut,I wish Bruce Springsteen would do a benefit for #PuertoRico and *INTENTIONALLY* open with #BornInTheUSA @springsteen https://t.co/QaNZk9jLPI,41.56313030303031,-72.80492797202801,17886,43007,16613,99988,0.6908,0.305,0.0
57,57,Connecticut,"RT @espn: Deshaun Watson gave his first game check to Texans employees who lost everything in Hurricane Harvey.

There wasn't a dry eye in‚Ä¶",41.56313030303031,-72.80492797202801,149,11533,254,5562,-0.3182,0.0,0.095
58,58,Connecticut,RT @espn: A new era. üç∑üç∑ https://t.co/mo7ZGExIGQ,41.56313030303031,-72.80492797202801,351,3655,281,13213,0.0,0.0,0.0
59,59,Connecticut,RT @SportsCenter: The Cavs‚Äô potential lineup come playoff time. üëÄ https://t.co/qvT3eOjo7i,41.56313030303031,-72.80492797202801,906,5107,453,11114,0.0,0.0,0.0
60,60,Connecticut,RT @BrookfieldDTC: #MeetTheCandidates Meet Juliana Zach who is running for the Brookfield Zoning Board of Appeals: https://t.co/hxUPOo53uf‚Ä¶,41.56313030303031,-72.80492797202801,180,629,131,1044,0.0,0.0,0.0
61,61,Connecticut,RT @SportsCenter: The Cavs‚Äô potential lineup come playoff time. üëÄ https://t.co/qvT3eOjo7i,41.56313030303031,-72.80492797202801,1779,8588,1002,7750,0.0,0.0,0.0
62,62,Connecticut,RT @1307th: FACT ONLY TIME  GOP  HAD  ALL  3  BRANCHES OF  GOVT  1929 SCARY THOUGHT THEY  ONLY  BRING  DEPRESSIONS LOOK AT  WHAT  BUSH DIDI‚Ä¶,41.56313030303031,-72.80492797202801,4476,12378,4498,11045,-0.8345,0.0,0.273
63,63,Delaware,"RT @JMoney731: @AgathaChocolats We said duck step, not goosestep!",39.300371875,-75.5267760416667,1684,65000,1881,21778,0.0,0.0,0.0
64,64,Delaware,Nigga from TX said he wanted to get me pregnant üò©üò©üò©,39.300371875,-75.5267760416667,234,63,305,749,0.4995,0.244,0.0
65,65,Delaware,"RT @APettyBish: Wow! I just entered for a chance to win ""Kids Halloween Monster Costume Pirate Sh..."" by Cosmic Cherri.... https://t.co/s5N‚Ä¶",39.300371875,-75.5267760416667,1042,6475,1263,214090,0.8718,0.382,0.0
66,66,Delaware,When the waitress asks if you want to make those seasoned fries for only 50 cents more https://t.co/zudxtC2K4C,39.300371875,-75.5267760416667,218,328,564,14954,0.0772,0.071,0.0
67,67,Delaware,@YesItsGB This is a sad day,39.300371875,-75.5267760416667,517,18141,431,37376,-0.4767,0.0,0.437
68,68,Delaware,@LaffyTaflan what happened,39.300371875,-75.5267760416667,145,748,272,382,0.0,0.0,0.0
69,69,Delaware,RT @MiqqaDiazz: que dificil es mirarte y no comerte la boca d un beso la puta que te pario,39.300371875,-75.5267760416667,671,1760,1046,23406,-0.296,0.0,0.121
70,70,Delaware,Rest In Peace Hugh Hefner.,39.300371875,-75.5267760416667,545,3581,596,2531,0.5423,0.467,0.0
71,71,Delaware,RT @mominiquematti: husband just gave our eldest an apple cider vinegar rinse and retwist how do I propose to someone I'm already married t‚Ä¶,39.300371875,-75.5267760416667,10512,9763,648,122733,0.0,0.0,0.0
72,72,Delaware,@chasman609 Dude was a legend üòç,39.300371875,-75.5267760416667,2937,15144,4526,12668,0.0,0.0,0.0
73,73,District of Columbia,"RT @starsandstripes: Of the 1,500 people polled in the latest Economist/YouGov survey, 45% believe Kim Jong Un intends to attack the US. ht‚Ä¶",38.89623054545449,-77.02123527272731,571,679,264,99102,-0.4767,0.0,0.124
74,74,District of Columbia,"RT @rolandsmartin: I'll respect a man who has an alternative opinion. We can agree to disagree. But I can't respect lying, @TuckerCarlson.‚Ä¶",38.89623054545449,-77.02123527272731,128,18,6,31163,0.8349,0.395,0.089
75,75,District of Columbia,R.I.P. PLAY BOY üê∞ https://t.co/dEd5hNHjiI,38.89623054545449,-77.02123527272731,379,25822,262,34859,0.4824,0.511,0.0
76,76,District of Columbia,"RT @YLindaQiu: Trump falsely says ""I don't benefit "" from tax plan. + a few other fact checks  https://t.co/MOHLkdYOjr",38.89623054545449,-77.02123527272731,801,1787,1289,1500,-0.357,0.0,0.142
77,77,District of Columbia,"RT @kattvargas_: @TrackDMV I'm listening to Lana del rey , might be on the same level as you üôÉ",38.89623054545449,-77.02123527272731,1069,4206,752,37255,0.0,0.0,0.0
78,78,District of Columbia,RT @NiaNRiley: lmao. Wow. This is literally life. Bitches talk mad shit on the net but really be a fan in real life. https://t.co/ZPKrVetosW,38.89623054545449,-77.02123527272731,955,5438,679,51341,0.3329,0.256,0.214
79,79,District of Columbia,I miss our 3 A.M. facetime calls,38.89623054545449,-77.02123527272731,1500,8422,881,5834,-0.1531,0.0,0.286
80,80,District of Columbia,"RT @CNNPolitics: Michelle Obama: ""Any woman who voted against Hillary Clinton voted against their own voice"" https://t.co/ox8J0NJwTo https:‚Ä¶",38.89623054545449,-77.02123527272731,640,10983,445,54142,0.0,0.0,0.0
81,81,District of Columbia,RT @Knjshiraishi: Â§ßÂ≠¶„ÅÆË£è„Åß„Éî„É•„Éº„Éû„ÅåÁõÆÊíÉ„Åï„Çå„Å¶„ÅÑ„Çã„ÅÆ„ÅßÊ∞ó„Çí„Å§„Åë„Çç„Å®„ÅÑ„ÅÜË≠¶Âëä„Åå„Åç„Åü„ÄÇ„Çø„Éº„Ç≠„Éº„Å®Èπø„ÇíÈ£üÊñô„Å´„Åó„Å¶„ÅÑ„Çã„Åù„ÅÜ„Åß„ÄÅÁ¢∫„Åã„Å´Â§ßÂ≠¶Âë®Ëæ∫„Å´„Åü„Åè„Åï„Çì„ÅÑ„Çã„ÄÇÂ§úÈñì„ÅåÁã©„Çä„ÅÆÊôÇÈñì„Å™„ÅÆ„ÅßÂá∫Ê≠©„Åã„Å™„ÅÑ„Çà„ÅÜ„Å´„Å®„ÄÇÊó•„ÅÆÂÖ•„ÇäÂæå„Å´„Ç≠„É£„É≥„Éë„Çπ„Å´Âá∫„Å¶„Åì„Çâ„Çå„Åü„Çâ„ÄÅÈÄÉ„Åí„Çã„Å®ËøΩ„ÅÑ„Åã„Åë„Å¶„Åè„Çã„ÅÆ„ÅßÈÄÉ‚Ä¶,38.89623054545449,-77.02123527272731,94,129592,83,23539,0.0,0.0,0.0
82,82,District of Columbia,RT @luis9872aa: https://t.co/xLMrKu7vDX,38.89623054545449,-77.02123527272731,32,5639,206,565,0.0,0.0,0.0
83,83,Florida,"RT @JackedYoTweets: Yo Gotti: Why the fuck ain't that nigga Dolph dead yet?!

His shooters: https://t.co/VjM8K716EA",28.129715714285737,-81.95616530612247,351,388,368,57687,-0.8439,0.0,0.366
84,84,Florida,RT @scarlettgracee_: whats done in the dark will always come to light,28.129715714285737,-81.95616530612247,942,8760,485,44694,0.0,0.0,0.0
85,85,Florida,RT @tydie_whities: @Fran_siss this you https://t.co/bHBxfKnGNX,28.129715714285737,-81.95616530612247,640,21188,547,34489,0.0,0.0,0.0
86,86,Florida,@espn They won't make it all the way everybody on the team look old,28.129715714285737,-81.95616530612247,51,276,366,694,0.0,0.0,0.0
87,87,Florida,one time for my nigga üò≠ #RIPHef https://t.co/UjmMIBrrZj,28.129715714285737,-81.95616530612247,4825,32911,469,41840,0.0,0.0,0.0
88,88,Florida,Gotti got the worst shooters of all time... üòÇ,28.129715714285737,-81.95616530612247,379,483,732,7158,-0.6249,0.0,0.369
89,89,Florida,RT @NaomiWWE: I just want to eat like @WWEBigE but it's not lady like üôÑ lol https://t.co/1ntOnk3QVo,28.129715714285737,-81.95616530612247,271,1103,1021,2622,0.2851,0.305,0.149
90,90,Florida,RT @zoeyoneohone: girls know everything except where they wanna eat,28.129715714285737,-81.95616530612247,581,1308,136,3759,0.0,0.0,0.0
91,91,Florida,"Time for Thirsty Thursday at Momentum Brewhouse!  Jewban's will be serving Media Noche, Hot‚Ä¶ https://t.co/HZ9Cf0cEop",28.129715714285737,-81.95616530612247,106,63,257,1688,0.0,0.0,0.0
92,92,Florida,RT @Jwill_98: Females to selfish to allow this smh lol https://t.co/ltJnK6wd0S,28.129715714285737,-81.95616530612247,105,155,153,83,-0.2558,0.27,0.329
93,93,Georgia,she said I got a dirty mouth but she kissed me like she meant it üòõ,33.03935294736842,-83.70354842105263,1993,17426,1244,17771,0.6908,0.358,0.105
94,94,Georgia,"@BrinsonEb Goodnite Erin, can‚Äôt wait to meet you next month‚ô•Ô∏è",33.03935294736842,-83.70354842105263,156,36350,565,22514,0.0,0.0,0.0
95,95,Georgia,The grass isn‚Äôt always cleaner on the other side.,33.03935294736842,-83.70354842105263,14743,6888,951,14560,0.1779,0.175,0.0
96,96,Georgia,RIP HUGH THE FUCKIN LEGEND,33.03935294736842,-83.70354842105263,1123,253499,422,142755,0.0,0.0,0.0
97,97,Georgia,RT @stew_mas: Ever wonder what your life would be like if ‚Äúthat‚Äù didn‚Äôt happen?,33.03935294736842,-83.70354842105263,411,11744,468,8405,0.3612,0.161,0.0
98,98,Hawaii,RT @wolvescalia: eles nao tinham ideia que iam ficar juntos e fazer um casalzao da porra https://t.co/tMCSSChLpF,20.98285109489052,-154.97450583941608,1134,2395,2232,24135,0.0,0.0,0.0
99,99,Hawaii,RT @wolvescalia: eles nao tinham ideia que iam ficar juntos e fazer um casalzao da porra https://t.co/tMCSSChLpF,20.98285109489052,-154.97450583941608,1276,1674,2899,15448,0.0,0.0,0.0
100,100,Hawaii,Red Sand Beach @ Red Sand Beach https://t.co/NaVfUmmLqR,20.98285109489052,-154.97450583941608,472,6359,375,27579,0.0,0.0,0.0
101,101,Hawaii,‰ªäÊó•Êöë„ÅÑ,20.98285109489052,-154.97450583941608,257,35513,155,1398,0.0,0.0,0.0
102,102,Hawaii,@kyosuke_55728 „Åó„Å£„Å¶„Çã,20.98285109489052,-154.97450583941608,509,342,485,606,0.0,0.0,0.0
103,103,Hawaii,@kyosuke_55728 „Åù„Çå„ÅØÊÆãÂøµ„ÇÑ„Å™,20.98285109489052,-154.97450583941608,509,342,485,606,0.0,0.0,0.0
104,104,Hawaii,RT @wolvescalia: eu me apaixonei mais uma vez por scalia https://t.co/RZbq36TeyJ,20.98285109489052,-154.97450583941608,2364,59605,597,173842,0.0,0.0,0.0
105,105,Hawaii,RT @wolvescalia: primeiro beijo scalia em hd passando pela sua tml boa noite https://t.co/gdeFGa4wmZ,20.98285109489052,-154.97450583941608,1150,269,1003,43040,0.0,0.0,0.0
106,106,Hawaii,RT @wolvescalia: ultima cena scalia em hd passando pela sua tml rt para salvar vidas boa noite https://t.co/hU0705wDNN,20.98285109489052,-154.97450583941608,1150,269,1003,43040,0.0,0.0,0.0
107,107,Hawaii,RT @wolvescalia: scalia scene em hd passando pela sua tml boa noite https://t.co/cw8rpiX4wH,20.98285109489052,-154.97450583941608,1150,269,1003,43040,0.0,0.0,0.0
108,108,Idaho,@Pusha_TeeWat what does this mean ty-fry,44.528700625,-114.82318156249994,1938,298,151,27448,0.0,0.0,0.0
109,109,Idaho,7 Warning Signs That You Will Never Achieve Your Dream https://t.co/ti3OkBxsSB https://t.co/vHyCMlt25E,44.528700625,-114.82318156249994,4114,1773,4241,42397,-0.1027,0.149,0.179
110,110,Idaho,@Whenry77 @MG3SHERE @sixers That Dr. J is so clean holy shit,44.528700625,-114.82318156249994,2090,30512,1012,56523,-0.0957,0.227,0.252
111,111,Idaho,RT @lonewholf: @matchsuum LMFAO I tweeted this so @Pusha_TeeWat would react,44.528700625,-114.82318156249994,5174,17053,295,348139,0.6408,0.32,0.0
112,112,Idaho,RT @lonewholf: random morning flicks https://t.co/Dbawe9MEFk,44.528700625,-114.82318156249994,25,858,1531,1065,0.0,0.0,0.0
113,113,Idaho,@_Chardonnay00 thank you lovely!,44.528700625,-114.82318156249994,1938,298,151,27448,0.7644,0.767,0.0
114,114,Idaho,@matchsuum LMFAO I tweeted this so @Pusha_TeeWat would react,44.528700625,-114.82318156249994,1938,298,151,27448,0.6408,0.377,0.0
115,115,Idaho,RT @lonewholf: random morning flicks https://t.co/Dbawe9MEFk,44.528700625,-114.82318156249994,16663,70133,15719,255451,0.0,0.0,0.0
116,116,Idaho,RT @KTVBhss: Tune in to @KTVB tonight... @WillHallKTVB has an awesome story of a @BorahFutbol pulling double duty with @BorahFootball #ktvb‚Ä¶,44.528700625,-114.82318156249994,256,1451,343,322,0.6249,0.177,0.0
117,117,Idaho,@themeauxgreen @TheNotoriousMMA Wanna race? Lol,44.528700625,-114.82318156249994,25,174,70,120,0.4215,0.412,0.0
118,118,Illinois,@JahnaFlores Yesssü§ó,40.43163045136689,-88.98242561983471,1143,5870,925,8448,0.0,0.0,0.0
119,119,Illinois,McConnell Pledges to Support Roy Moore and Donald Trump‚Äôs Agenda. Let's hope https://t.co/X67wSaWT0D,40.43163045136689,-88.98242561983471,1644,2675,3308,9578,0.6808,0.337,0.0
120,120,Illinois,"RT @Tammysdragonfly: ‚òÄ‚ô¶‚òÄ‚ô¶‚òÄ‚ô¶‚òÄ‚ô¶‚òÄ‚ô¶
Find Your Next Favorite Author!
@Gary_R_Walker
LOOK 4 BOOKS
#IARTG #AUTHORSUPPORT
https://t.co/ueyhJnuVwY h‚Ä¶",40.43163045136689,-88.98242561983471,4195,1869,3970,59406,0.5093,0.19,0.0
121,121,Illinois,"RT @BandManPatt: If u can go a few days without talking to me , go a few more üòåüèåüèΩ",40.43163045136689,-88.98242561983471,2149,10033,940,81094,0.0,0.0,0.0
122,122,Illinois,How Diversity Makes Us Smarter https://t.co/P7mPrZDylt,40.43163045136689,-88.98242561983471,3506,4683,3131,6999,0.4588,0.375,0.0
123,123,Illinois,Just In: @Illinois_alma alum and Playboy founder Hugh Hefner has died at the age of 91 https://t.co/JYZNAT7WIV,40.43163045136689,-88.98242561983471,2350,171,462,6956,-0.5574,0.0,0.184
124,124,Illinois,"And tonight we pour one out for you, Hugh https://t.co/ffeCDOp7VT",40.43163045136689,-88.98242561983471,310,2689,280,2677,0.0,0.0,0.0
125,125,Illinois,RT @OceanGrownTREEZ: He just getting a lil water before he eat his food. https://t.co/RoG2GflyaL,40.43163045136689,-88.98242561983471,759,2946,246,72801,0.0,0.0,0.0
126,126,Illinois,"RT @AdoreeKnows: People like you more when you working towards something, not when you have it.",40.43163045136689,-88.98242561983471,1922,11227,926,37110,0.3612,0.143,0.0
127,127,Illinois,I've gotten slammed with new students on WyZant! Thank you all so much! Please spread the word so I can help support my family! üòò#teacher,40.43163045136689,-88.98242561983471,990,11,1093,20,0.8978,0.373,0.0
128,128,Indiana,RT @H00DFEM: LMFAOOOOOOOO!!! Carla said stop playing in her damn FACE!!! https://t.co/nEdQUTIpAi,39.94025652173917,-86.26779772256715,392,8683,290,49756,-0.6449,0.107,0.36
129,129,Indiana,@kaleighnicole_ ü§∑üèª‚Äç‚ôÇÔ∏è,39.94025652173917,-86.26779772256715,1189,15403,338,41258,0.0,0.0,0.0
130,130,Indiana,I ain‚Äôt doin shit for the dick..... so don‚Äôt ask,39.94025652173917,-86.26779772256715,127,704,157,3850,-0.5574,0.0,0.31
131,131,Indiana,RT @H00DFEM: Your soulmate might be in a relationship. It's your job to ruin that and go get what's rightfully yours. https://t.co/OuKbKPlM‚Ä¶,39.94025652173917,-86.26779772256715,627,9779,492,77575,0.0258,0.146,0.142
132,132,Indiana,RT @jocccelynnnn: 13. MARINA AND THE DIAMONDS - LIES https://t.co/b9fCiTk77H,39.94025652173917,-86.26779772256715,369,25096,247,19033,-0.5473,0.0,0.306
133,133,Indiana,Gotta stay up till about 4-5 when I get off just so I can take this stuff to clean my system,39.94025652173917,-86.26779772256715,1773,3013,1383,73409,0.4019,0.13,0.0
134,134,Indiana,@FavenLiuget #nowfollowing #WAGSMiami,39.94025652173917,-86.26779772256715,1240,1209,4327,232335,0.0,0.0,0.0
135,135,Indiana,RT @AJEarley4: I‚Äôm just going to close my eyes and pretend like I‚Äôm rooting for the Montreal Expos. #NLDS https://t.co/gBBK7bCv32,39.94025652173917,-86.26779772256715,591,30246,1238,4263,0.2732,0.114,0.064
136,136,Indiana,Panasonic GH5 Firmware Version 2.0 Now Available https://t.co/0nHtGrLl1u,39.94025652173917,-86.26779772256715,2712,114,364,223985,0.0,0.0,0.0
137,137,Indiana,@DiamondDixieLLC Please follow me back,39.94025652173917,-86.26779772256715,1,1,250,7,0.3182,0.365,0.0
138,138,Iowa,RT @BHGLiveBetter: The Wingback Tufted Headboard ties any bedroom together perfectly. RT to #win #WalmartWednesday. https://t.co/6AaINbkRL6‚Ä¶,42.02300360873692,-93.3333754985754,2996,67177,4454,83234,0.6369,0.219,0.0
139,139,Iowa,Listening to middle age soccer moms complaining about additives in diet sodas. But they have no problem feeding the‚Ä¶ https://t.co/DUSF0hUl5W,42.02300360873692,-93.3333754985754,822,1434,591,2017,-0.6908,0.0,0.283
140,140,Iowa,ammonium nitrate dissolution - Trading Company ammonium nitrate dissolution Manufacturer https://t.co/hWuCLdjVk5,42.02300360873692,-93.3333754985754,1255,0,958,16159,0.0,0.0,0.0
141,141,Iowa,My college radio show starts again tomorrow night! I'll start playing music at 8 pm Central time and post a link to‚Ä¶ https://t.co/mv9Ncl7fm3,42.02300360873692,-93.3333754985754,135,3643,91,2802,0.2714,0.095,0.0
142,142,Iowa,@GMA Fuck,42.02300360873692,-93.3333754985754,787,30989,516,6792,-0.5423,0.0,0.778
143,143,Iowa,#RIPhef,42.02300360873692,-93.3333754985754,165,2934,176,3594,0.0,0.0,0.0
144,144,Iowa,Person stabbed in Des Moines... https://t.co/eJvbMOXWzc,42.02300360873692,-93.3333754985754,16070,570,992,19809,-0.4404,0.0,0.367
145,145,Kansas,RT @ESEPhysEd: Our MINEFIELD teamwork challenge is set up and ready to go! #physed #307Cards https://t.co/rly7EE080M,38.51202637215529,-97.15846639892906,158,1027,303,770,0.4753,0.226,0.0
146,146,Kansas,Final: Royals 7 Tigers 4. WP: KC S Alexander (5-4) LP: DET D VerHagen (0-3) SV: KC M Minor (4) (ESPN) https://t.co/WDHaeskVzO,38.51202637215529,-97.15846639892906,25,47,85,821,0.4084,0.138,0.0
147,147,Kansas,RT @LMoore67: Juniors.  NHS float building. @RailerStuCo #railerpride https://t.co/ofoANRPYNK,38.51202637215529,-97.15846639892906,223,2574,118,498,0.0,0.0,0.0
148,148,Kansas,"RT @Haunted2012: ÿ∫ÿØÿß Ÿäÿ±ÿ™ÿØŸä ÿ≥ÿßÿ±ŸÇŸä ÿßŸÑÿØŸäŸÜ ŸÇŸÜÿßÿπ ÿ¢ÿÆÿ±
Ÿàÿ™ÿ™ÿ∫Ÿäÿ± ÿßŸÑÿ£ÿØŸàÿßÿ±
ŸÖŸÜ ÿ™ÿ¨ÿßŸáŸÑ ŸÑŸÖÿπÿßŸÜÿßÿ© ÿßŸÑŸÖÿ±ÿ£ÿ©""ÿ≥ŸÜŸàÿßÿ™""
ÿ•ŸÑŸâ ÿ•ŸÑÿ™ŸÅÿßÿ™ ŸÑŸáÿß
ŸÑŸäÿ±ŸÖŸÖŸàÿß ŸÖÿ¨ÿØŸáŸÖ ÿßŸÑÿ∞Ÿä ÿ≥ŸÇÿ∑
ŸàÿπŸÑŸâ ÿ£ŸÉ‚Ä¶",38.51202637215529,-97.15846639892906,144,1078,1450,963,0.0,0.0,0.0
149,149,Kansas,"RT @ThresherGameDay: Clay sends a strike into the net, assisted by Torres! Bethel MSOC takes 2-1 lead over Southwestern, 36 minutes left in‚Ä¶",38.51202637215529,-97.15846639892906,49,76,166,106,-0.2003,0.0,0.079
150,150,Kansas,RT @shannonleetweed: RIP my friend. You changed the world. https://t.co/tiLgAC8CaT,38.51202637215529,-97.15846639892906,160,5940,590,13240,0.4939,0.262,0.0
151,151,Kansas,@o3TaylorIII Only if I can be your number two,38.51202637215529,-97.15846639892906,473,24653,942,15373,0.0772,0.157,0.0
152,152,Kansas,@Steph_TheShit @uhhhmeg literally me https://t.co/bWOkT7uFXa,38.51202637215529,-97.15846639892906,1115,21006,770,19132,0.0,0.0,0.0
153,153,Kansas,RT @ESEPhysEd: Working on communication and building trust through the MINEFIELD challenge today at ESE! #physed #307Cards https://t.co/OTl‚Ä¶,38.51202637215529,-97.15846639892906,158,1027,303,770,0.5983,0.234,0.0
154,154,Kansas,Don't cut those hands which makes your hands strong.. #proverb,38.51202637215529,-97.15846639892906,188,48,40,73118,0.2057,0.168,0.0
155,155,Kentucky,PLEASE TELL ME THIS IS FAKE NEWS https://t.co/G0N0R0tCHa,37.61875976645435,-84.83204118895968,429,7083,443,7228,-0.2023,0.236,0.298
156,156,Kentucky,"When you read Hugh Hefner died and thought, ""Wait, he was still alive?""",37.61875976645435,-84.83204118895968,4558,18757,2273,51481,-0.5574,0.0,0.231
157,157,Kentucky,@Dale_Digabow @ColorstormKid shiiiiddd i meant to just reply to Dale :/ my b kenny,37.61875976645435,-84.83204118895968,844,52587,273,46161,-0.34,0.0,0.179
158,158,Kentucky,never confuse what you're offered for what you're worth,37.61875976645435,-84.83204118895968,869,5433,763,13864,0.3749,0.337,0.0
159,159,Kentucky,https://t.co/7CWf6LlUnG,37.61875976645435,-84.83204118895968,1137,35061,963,19490,0.0,0.0,0.0
160,160,Kentucky,RT @qweenle01: physically and emotionally drained,37.61875976645435,-84.83204118895968,591,1466,726,31804,-0.3612,0.0,0.333
161,161,Kentucky,"I said, ""what's the problem, friend?""  He replied: ""My order breeds the most beautiful roses, and they're our only source of money.""

(2/x)",37.61875976645435,-84.83204118895968,1330,44,1518,30475,0.3597,0.156,0.1
162,162,Kentucky,@xidrbrts @xmrbrts Que amor lindo entre voc√™s. Felicidades. Quando vai ter o churras pra comemorar a vinda do irm√£o‚Ä¶ https://t.co/6Lw3z4cAJy,37.61875976645435,-84.83204118895968,196,1023,152,2075,0.6124,0.19,0.0
163,163,Kentucky,Best bench in the league https://t.co/hIqYcX79lW,37.61875976645435,-84.83204118895968,677,9115,432,11640,0.6369,0.457,0.0
164,164,Kentucky,RT @KySportsRadio: Someone is funny https://t.co/ztJWCnHXLk,37.61875976645435,-84.83204118895968,6,65,37,39,0.4404,0.367,0.0
165,165,Louisiana,"RT @boyznthehood_: 35 years of greatness happy birthday to Dwayne Michael Carter Jr. aka Lil Wayne, Weezy, Weezy F Baby, Tunechi  https://t‚Ä¶",30.93533560500695,-91.74427190542414,1233,5302,787,25070,0.5719,0.156,0.0
166,166,Louisiana,RT @iamjakyrick: Never change on the people who was there for you when no one else wasn't .,30.93533560500695,-91.74427190542414,6377,35944,5723,25644,-0.296,0.0,0.121
167,167,Louisiana,"Hugh Hefner invented ""send nudes."" #RIP",30.93533560500695,-91.74427190542414,1277,3067,530,8377,0.0,0.0,0.0
168,168,Louisiana,I need to go on a shopping spree SOON,30.93533560500695,-91.74427190542414,322,683,429,5135,0.0,0.0,0.0
169,169,Louisiana,"kehlani been all up under this girl on her snap, i‚Äôm so ready to see her in love againnnnnnnüò≠",30.93533560500695,-91.74427190542414,210,15429,210,4992,0.8147,0.304,0.0
170,170,Louisiana,RT @tshaye_: forever never be forever üëêüèΩ,30.93533560500695,-91.74427190542414,164,373,296,1904,0.0,0.0,0.0
171,171,Louisiana,I‚Äôm dead as fuck,30.93533560500695,-91.74427190542414,216,1450,197,2600,-0.8316,0.0,0.796
172,172,Louisiana,@art_thecreator IMO Yell Leaders are the problem. People just don‚Äôt care about them as much as they used to.,30.93533560500695,-91.74427190542414,754,3713,1508,19990,0.128,0.14,0.118
173,173,Maine,ËÄÉ„Åà„Åü„Çì„Å†„Åë„Å©„ÄÅÁßÅ„ÅØ„ÄÅËá™ÂàÜ„Åå„ÄÅ‰Ωï„Å®„Åã„Çè„Åã„Çâ„Å™„ÅÑ„Åë„Å©„ÄÅÊ†ÑÂ≠ê„Åï„Çì„Åø„Åü„ÅÑ„Å™„ÄÅÔº≥Ôº≠Â¨¢„Åå„ÅÑ„Åü„ÇâÊúÄÈ´ò„Å™„Çì„Åò„ÇÉ„Å™„ÅÑ„Åã„Å™„ÄÅ,44.568310927835114,-69.43081360824739,70,3779,376,23757,0.0,0.0,0.0
174,174,Maine,"Me: *does homework now that's due in 2 weeks*

Also me: *procrastinates doing homework that's due in 1 hour*",44.568310927835114,-69.43081360824739,94,654,206,230,0.0,0.0,0.0
175,175,Maine,@hayleyorrantia YES!,44.568310927835114,-69.43081360824739,47,74,151,355,0.5754,0.788,0.0
176,176,Maine,"""What I've Learned: Hugh Hefner""

https://t.co/YzugjCsAKp",44.568310927835114,-69.43081360824739,1739,2838,639,9095,0.0,0.0,0.0
177,177,Maine,@elisecamuso_ and I went to Plato's Closet and it was a dumpster fire. Watch my FIRST EVER vlog here! ;) https://t.co/xrfa9RQyde,44.568310927835114,-69.43081360824739,637,66946,483,18209,-0.3382,0.086,0.193
178,178,Maine,WOAH https://t.co/bopnOifU2a,44.568310927835114,-69.43081360824739,228,7199,540,6187,0.0,0.0,0.0
179,179,Maine,*This* is a fine recruiting tweet. https://t.co/jqosevLKs4,44.568310927835114,-69.43081360824739,1633,7012,1330,4788,0.2023,0.265,0.0
180,180,Maine,"@bruins_stats Well...let's throw in the towel for the season then, eh? üòí",44.568310927835114,-69.43081360824739,48,160,447,39,0.0,0.0,0.0
181,181,Maine,"RT @MichaelSocolow: Hugh Hefner talks about his largely-unknown role funding reproductive rights &amp; birth control cases in 1950s &amp; 1960s.

h‚Ä¶",44.568310927835114,-69.43081360824739,376,15560,651,5438,0.0,0.0,0.0
182,182,Maine,#RIPHugh,44.568310927835114,-69.43081360824739,586,7801,581,3599,0.0,0.0,0.0
183,183,Maryland,RT @TheBusWriter: Re-up. Best single of 2017.üîùüîùüîùüîùüîùImagine Dragons - Thunder https://t.co/54lj5TIdpw,39.05462715231796,-76.78129122516563,1096,5850,409,3883,0.6369,0.318,0.0
184,184,Maryland,RT @VP: Great remarks by @POTUS - looking forward to talking with hard working Michiganders tomorrow about the President's tax reform agend‚Ä¶,39.05462715231796,-76.78129122516563,191,43,401,20782,0.5719,0.167,0.057
185,185,Maryland,@jason_howerton Staaaaaahp. He's pretty great.,39.05462715231796,-76.78129122516563,4057,2,1875,108814,0.8074,0.709,0.0
186,186,Maryland,"That‚Äôs good but still about 18,000 short of the response the US sent to Japan after the Tsunami. Maybe you could pr‚Ä¶ https://t.co/D77LbezaIj",39.05462715231796,-76.78129122516563,371,2220,214,6044,0.2382,0.081,0.0
187,187,Maryland,RT @DailyCaller: Trump Is ‚ÄòThinking‚Äô About Waiving Pro-Union Law To Get Supplies To Puerto Rico Faster https://t.co/e5hrTE91qC https://t.co‚Ä¶,39.05462715231796,-76.78129122516563,2978,285543,1994,304576,0.0,0.0,0.0
188,188,Maryland,RT @MrGoodBeard_: Y'all didn't arrest her the first time ? https://t.co/LK8dwPOmIt,39.05462715231796,-76.78129122516563,799,3530,314,136506,0.2584,0.184,0.0
189,189,Maryland,I biked right past Bernie Sanders earlier,39.05462715231796,-76.78129122516563,276,34867,873,1382,0.0,0.0,0.0
190,190,Maryland,RT @DavidCornDC: Time to consider this proposition: GOP base voters are a danger to the nation. They are electing erratic extremists.,39.05462715231796,-76.78129122516563,121,2630,179,2506,-0.5267,0.0,0.152
191,191,Maryland,RT @thehill: Maxine Waters: Black women can force Trump out of office https://t.co/WbxVdM4RGV https://t.co/HT6SDbDzHA,39.05462715231796,-76.78129122516563,89066,106879,5526,205945,0.0,0.0,0.0
192,192,Maryland,RT @mitchellreports: Jones Act says only ships mostly U.S built can deliver goods to Puerto Rico -waived for Texas Florida after storms why‚Ä¶,39.05462715231796,-76.78129122516563,459,2482,931,8570,0.0,0.0,0.0
193,193,Massachusetts,Evidence that I might actually be Magik part 32456: I feel like this most days. https://t.co/STElFEjUAp,42.23522982456141,-71.49450540935683,626,41628,499,105506,0.3612,0.161,0.0
194,194,Massachusetts,‚Ä¶ https://t.co/tDlI9bRIjc via @WSJ,42.23522982456141,-71.49450540935683,499,650,544,15646,0.0,0.0,0.0
195,195,Massachusetts,Sometimes you have to wonder how many dudes secretly hate their girlfriends,42.23522982456141,-71.49450540935683,32,365,110,539,-0.5719,0.0,0.252
196,196,Massachusetts,@OfficialNoeMeow @TheJPRaiders thanks man!‚ù§,42.23522982456141,-71.49450540935683,199,8496,109,4085,0.4926,0.516,0.0
197,197,Massachusetts,"RT @PatsMilitia: Tom Brady. 

40 years old.

Back to Back player of the week.

4th time in his career

üêê https://t.co/nEYZw5EXCV",42.23522982456141,-71.49450540935683,99,500,190,1548,0.0,0.0,0.0
198,198,Massachusetts,RT @RyougaSaotome: https://t.co/IbcbVmrH6F,42.23522982456141,-71.49450540935683,561,93345,1008,81993,0.0,0.0,0.0
199,199,Massachusetts,RT @DigBoston: An #oldschool #Boston #boxing #feature on a new school fight card Saturday at @HOBBoston  https://t.co/ehClW58UmA https://t.‚Ä¶,42.23522982456141,-71.49450540935683,23,865,387,1069,-0.3818,0.0,0.14
200,200,Massachusetts,"@MarlnFreaktrick @NeonInamorata Well, it still comes off as a bit disrespectful to me, but it sounded worse without‚Ä¶ https://t.co/Ntri20qFC1",42.23522982456141,-71.49450540935683,385,17219,344,26547,-0.5574,0.071,0.191
201,201,Massachusetts,Rory just sent me an email re: Voice audition videos we have to watch when he visits next week and ... um ... that‚Äô‚Ä¶ https://t.co/YxYoqjCR6y,42.23522982456141,-71.49450540935683,409,13149,500,4401,0.0,0.0,0.0
202,202,Massachusetts,Â§ßÂ≠¶Áîü„ÄÅÂ§ßÂ≠¶Èô¢Áîü„ÅÆ‰ºÅÁîªÂãüÈõÜ„Äå„Éô„Éº„Çπ„Éú„Éº„É´„Éì„Ç∏„Éç„Çπ„Ç¢„ÉØ„Éº„ÉâÔºíÔºêÔºëÔºó„Äç:‚Ä¶ #„Ç∏„É£„Ç§„Ç¢„É≥„ÉÑ #Â∑®‰∫∫ #GÂÖö„Åï„Çì„Å®Áπã„Åå„Çä„Åü„ÅÑ https://t.co/1ksk90ID5X https://t.co/h63t3SqbYM,42.23522982456141,-71.49450540935683,366,0,120,378114,0.0,0.0,0.0
203,203,Michigan,https://t.co/bxNxOk3zy0,43.44353744607415,-84.73552165660051,376,56,1501,49193,0.0,0.0,0.0
204,204,Michigan,@Zach_Capua NOOOOOOO,43.44353744607415,-84.73552165660051,992,13350,598,8769,0.0,0.0,0.0
205,205,Michigan,Ughhh he is perfectttttt https://t.co/gPuQDLf4HW,43.44353744607415,-84.73552165660051,409,11296,357,22653,0.0,0.0,0.0
206,206,Michigan,"I want some hot brownies and ice cream, and I don‚Äôt even eat ice cream üò©",43.44353744607415,-84.73552165660051,7131,14439,583,35474,0.0772,0.098,0.0
207,207,Michigan,RT @KeeganDeMara: My fan tree DOMINATED dirty charades tonight,43.44353744607415,-84.73552165660051,695,6983,550,5763,-0.1531,0.189,0.238
208,208,Michigan,RT @IbrahimCeric: I‚Äôd drop his ass so quick wtf https://t.co/YVqDmwaL9c,43.44353744607415,-84.73552165660051,229,16438,198,4751,-0.8651,0.0,0.58
209,209,Michigan,@ashley_wahr I do the same day I get one ü§∑üèº‚Äç‚ôÄÔ∏èüòÇ,43.44353744607415,-84.73552165660051,1045,47171,936,8792,0.0,0.0,0.0
210,210,Michigan,Wish I had someone to share music and funny videos with,43.44353744607415,-84.73552165660051,869,9875,548,10006,0.7783,0.527,0.0
211,211,Michigan,https://t.co/3vYjTWYaQg,43.44353744607415,-84.73552165660051,376,56,1501,49193,0.0,0.0,0.0
212,212,Michigan,Oh my gosh! Speaking of #HaloTop it says 1 pint for 4 people... think mine is for 20 people!! It was so good!! I only skimmed the top of it!,43.44353744607415,-84.73552165660051,55,3099,93,2497,0.7724,0.212,0.0
213,213,Minnesota,"RT @ItsTheBrandi: Hi, cops did this to a military veteran. 
https://t.co/PX24lgESkO",45.56306579212905,-94.12298779011113,4543,19517,4998,203687,0.0,0.0,0.0
214,214,Minnesota,hugh hefner went out after truly living his best life.,45.56306579212905,-94.12298779011113,6392,11413,1985,12344,0.7964,0.47,0.0
215,215,Minnesota,RT @MGActivities: Track and Field: Welcome new Boys Head Coach Casey Roberts https://t.co/5h10Ynxo1W https://t.co/nE7FKiI1OO,45.56306579212905,-94.12298779011113,1105,25150,514,12044,0.4588,0.188,0.0
216,216,Minnesota,"Today was a good eyebrow day, surprisingly",45.56306579212905,-94.12298779011113,499,10119,682,18738,0.6249,0.56,0.0
217,217,Minnesota,*cries in Twitter* Fuck. I'm just going to wake up to nonsense. (Second RT) https://t.co/a9jEgxwBpj,45.56306579212905,-94.12298779011113,3576,41846,2703,118971,-0.7351,0.0,0.323
218,218,Minnesota,RT @BlSCUlTS: if yo gotti and khloe kardashian were to headbutt each other it would cause a cataclysm beyond words,45.56306579212905,-94.12298779011113,1046,4001,734,7594,0.0,0.0,0.0
219,219,Minnesota,@citypages The Time,45.56306579212905,-94.12298779011113,235,244,1034,451,0.0,0.0,0.0
220,220,Minnesota,"RT @ItsTheBrandi: Hi, cops did this to a military veteran. 
https://t.co/PX24lgESkO",45.56306579212905,-94.12298779011113,466,9712,96,100746,0.0,0.0,0.0
221,221,Minnesota,"RT @ItsTheBrandi: Hi, cops did this to a military veteran. 
https://t.co/PX24lgESkO",45.56306579212905,-94.12298779011113,257,4117,647,28806,0.0,0.0,0.0
222,222,Minnesota,"RT @ItsTheBrandi: Hi, cops did this to a military veteran. 
https://t.co/PX24lgESkO",45.56306579212905,-94.12298779011113,245,3573,1381,8598,0.0,0.0,0.0
223,223,Mississippi,@gamaar1122 ÿßÿÆÿ™Ÿä ÿßŸÜÿß ÿ®ÿßŸÖÿ±ŸäŸÉÿß ŸàŸÖÿ≥ÿ™ÿπÿØ ÿßŸàŸÅÿ± ŸÑŸÉ ÿ£ÿØŸàÿßÿ™ ÿ™ÿ¨ŸÖŸäŸÑÿå ŸÖŸäŸÉ ÿßÿ® Ÿàÿ∫Ÿäÿ±Ÿá ŸÑÿßŸÜŸä ÿ£ÿ¥ŸàŸÅŸáÿß ŸáŸÜÿß ÿ£ÿ±ÿÆÿµ ÿ®ŸÉÿ´Ÿäÿ± ŸàŸÖÿßÿ±ŸÉÿßÿ™ÿå ŸàÿßŸÑŸÜÿµ ÿ®ÿßŸÑŸÜÿµ,32.826760263653476,-89.69104256120524,50,5,102,1624,0.0,0.0,0.0
224,224,Mississippi,These hoes stay with Dorsey name in they mouth ü§£ü§¶üèΩ‚Äç‚ôÇÔ∏è,32.826760263653476,-89.69104256120524,1052,2103,1141,12080,0.0,0.0,0.0
225,225,Mississippi,Dang. https://t.co/9zcDoyRSN6,32.826760263653476,-89.69104256120524,22,134,186,369,0.0,0.0,0.0
226,226,Mississippi,"RT @willeast1: TRUST ME: With the life he lived, no one will say ""He's in a better place now."" https://t.co/YP2ahwVm3P",32.826760263653476,-89.69104256120524,808,433,1501,660,0.694,0.276,0.088
227,227,Mississippi,@stacyhelton @emilynussbaum I feel like Michael would have every candidates sign in his yard.,32.826760263653476,-89.69104256120524,430,3699,673,4396,0.3612,0.172,0.0
228,228,Mississippi,@Kayye_ Hmm are you lol nvm,32.826760263653476,-89.69104256120524,745,3609,289,61370,0.4215,0.359,0.0
229,229,Mississippi,: Ima @ ya favorite bitch,32.826760263653476,-89.69104256120524,630,758,1156,20245,-0.2023,0.341,0.432
230,230,Mississippi,"girl, where do you think you‚Äôre goin? https://t.co/wybfVj1De7",32.826760263653476,-89.69104256120524,598,11518,87,9476,0.0,0.0,0.0
231,231,Mississippi,RT @CamGotClout: forthepussy lmaoo https://t.co/9Y9P2iDbGz,32.826760263653476,-89.69104256120524,570,50789,1218,27533,0.0,0.0,0.0
232,232,Mississippi,RT @SkiHiFly: @Stupid_Fly_ Shit b lit,32.826760263653476,-89.69104256120524,2384,2096,451,99808,-0.5574,0.0,0.474
233,233,Missouri,I promise my kids will never go feeling unloved.,38.39361245674736,-92.46495510380608,498,1691,329,19571,0.5165,0.425,0.124
234,234,Missouri,Feels good to have Trump talk about a subject he knows well... destroying a professional football league. #XFL https://t.co/dhINxh7Nh8,38.39361245674736,-92.46495510380608,2136,2700,973,1756,-0.1779,0.135,0.167
235,235,Missouri,@Amrodtiger @BossSergal @accelosnowcat @homphs @RubixKai  https://t.co/uXbDGBK605,38.39361245674736,-92.46495510380608,164,3734,244,7817,0.0,0.0,0.0
236,236,Missouri,@joshgad I'm sure angels are giving him blow jobs in heaven.,38.39361245674736,-92.46495510380608,30,62,160,79,0.7906,0.5,0.0
237,237,Missouri,Playboy founder Heffner dies aged 91 https://t.co/nLLR2a6oc1,38.39361245674736,-92.46495510380608,1424,6676,2259,10094,0.0,0.0,0.0
238,238,Missouri,"FINAL:
Tigers: 4
Royals: 7
Winning Pitcher: Scott Alexander (5-4)
Losing Pitcher: Drew VerHagen (0-3)
Save: Mike Minor (4)",38.39361245674736,-92.46495510380608,5298,56,54,36306,0.6124,0.284,0.112
239,239,Missouri,@Lemming_King Because I can.,38.39361245674736,-92.46495510380608,1481,573,147,1449,0.0,0.0,0.0
240,240,Missouri,Damn my childhood idol died RIP Hugh Hefner,38.39361245674736,-92.46495510380608,626,703,488,52003,-0.743,0.0,0.512
241,241,Missouri,"RT @AngNakaliPast: ""Mahal, saan ba 'ko nag kulang?""",38.39361245674736,-92.46495510380608,428,16279,262,12684,-0.3612,0.0,0.263
242,242,Missouri,@jjoakhun Harus banget deh mukanya kayak gitu?,38.39361245674736,-92.46495510380608,320,170,107,6646,0.0,0.0,0.0
243,243,Montana,@JoshSchick3 More fun and less shit to worry about...plus don't you go for like three months,46.93784727722772,-110.30098143564345,656,4210,702,1024,0.0386,0.253,0.247
244,244,Montana,CMR BOYS STATE AA GOLF CHAMPIONS https://t.co/MGZ1ZqE71B,46.93784727722772,-110.30098143564345,41,364,368,188,0.6289,0.408,0.0
245,245,Montana,10 minute phone calls can mean so much.‚ù§Ô∏è,46.93784727722772,-110.30098143564345,432,3848,492,2698,0.0,0.0,0.0
246,246,Montana,She doesn't. https://t.co/Odtq5a3dA5,46.93784727722772,-110.30098143564345,380,12753,387,41239,0.0,0.0,0.0
247,247,Montana,RT @GilWil77: Does #Cabella s carry those new empathy tents? I must have one. #LiberalismIsAMentalDisorder #Camping #college,46.93784727722772,-110.30098143564345,136,2283,218,4417,0.0,0.0,0.0
248,248,Montana,@RichardBSpencer I guess your little ethnostate is moved back to your mom's basement! #Blessings,46.93784727722772,-110.30098143564345,633,2243,63,5848,0.0,0.0,0.0
249,249,Montana,Schedule for tomorrow and room list for the royalty assemblies! Be sure to dress classy to help your class win tomo‚Ä¶ https://t.co/cpevrny7xc,46.93784727722772,-110.30098143564345,372,266,204,622,0.8999,0.4,0.0
250,250,Montana,@YesYoureRacist He's taking his little ethnostate elsewhere!,46.93784727722772,-110.30098143564345,633,2243,63,5848,0.0,0.0,0.0
251,251,Montana,@schuelkecorn @hakecattle @mean_kitteh True,46.93784727722772,-110.30098143564345,2111,35473,2352,10036,0.4215,0.483,0.0
252,252,Montana,I didn't nap all day today.,46.93784727722772,-110.30098143564345,997,11940,2036,70542,0.0,0.0,0.0
253,253,Nebraska,RT @taryn_35: A little reassurance here and there would be nice sometimes,41.19113919354838,-98.15279935483869,520,8326,359,9929,0.6133,0.357,0.0
254,254,Nebraska,Did I hear ‚Äúis that cool?‚Äù In the question? https://t.co/6mHng8Sxk6,41.19113919354838,-98.15279935483869,2095,901,489,5617,0.0,0.0,0.0
255,255,Nebraska,@MikeEvans13_ @Bradyd2323 lmao what a savage glad he's on my team,41.19113919354838,-98.15279935483869,26,708,242,76,0.5994,0.408,0.178
256,256,Nebraska,Ween live stream is very nice right now #ween,41.19113919354838,-98.15279935483869,201,2373,118,4106,0.4754,0.279,0.0
257,257,Nebraska,RT @LexieCzaplewski: asking God for help in every area of my life,41.19113919354838,-98.15279935483869,819,44548,568,9941,0.5859,0.324,0.0
258,258,Nebraska,RT @hcallihan: Hey @TeamCairney I love @GoogleKeep too!  https://t.co/NG87vAsODK #EdTechTO,41.19113919354838,-98.15279935483869,5749,4697,601,18920,0.6696,0.36,0.0
259,259,Nebraska,Turned 21 two months ago and I haven't celebrated yet... I'm doing life wrong ü§î,41.19113919354838,-98.15279935483869,246,537,262,5500,-0.7268,0.0,0.357
260,260,Nebraska,RIP to my president!!!! https://t.co/gldDuYy6x3,41.19113919354838,-98.15279935483869,648,58488,407,27896,0.0,0.0,0.0
261,261,Nebraska,@OffAirOnPoint @CoachFreeburg Your going to miss going back n forth to Ogallala and you know it!,41.19113919354838,-98.15279935483869,499,1301,1070,3560,-0.2244,0.0,0.119
262,262,Nebraska,@dextermorgan5 @Beyond_I_Do @PbEngineer You are both confused.  I replied to the guy about 40 teams.  The photo is‚Ä¶ https://t.co/XWV0w5ImGx,41.19113919354838,-98.15279935483869,56,1251,290,2243,-0.3182,0.0,0.119
263,263,Nevada,RIP #HughHefner #legend üôè,37.82928063241105,-116.63675533596829,20524,6016,771,17874,0.0,0.0,0.0
264,264,Nevada,I love you https://t.co/j43l0CJZHk,37.82928063241105,-116.63675533596829,3085,2516,546,222648,0.6369,0.677,0.0
265,265,Nevada,RIP Hugh Hefner,37.82928063241105,-116.63675533596829,506,3235,337,8201,0.0,0.0,0.0
266,266,Nevada,nooooo üò≠üò≠üò≠üò≠ i want a friendly fade. https://t.co/Q9PGhditU1,37.82928063241105,-116.63675533596829,3349,13540,999,60965,0.5423,0.529,0.0
267,267,Nevada,So sad https://t.co/wi4kxkcwnO,37.82928063241105,-116.63675533596829,53,43,73,54,-0.5256,0.0,0.629
268,268,Nevada,this madhouse worker is beautiful. who‚Äôs manz?,37.82928063241105,-116.63675533596829,535,1945,827,7720,0.5994,0.394,0.0
269,269,Nevada,Rest is peace Hugh Hefner. True OG,37.82928063241105,-116.63675533596829,146,2090,168,4047,0.743,0.558,0.0
270,270,Nevada,"No chat tonight. Ive had the worst migraine all day and too drowsy üò≠
Sorry luvs",37.82928063241105,-116.63675533596829,6562,2030,241,3612,-0.765,0.0,0.388
271,271,New Hampshire,"RT @lilbratzzdoll: not to be dramatic or anything, but dis the cutest shit I done ever seen in my whole life. I would cry. https://t.co/Jm5‚Ä¶",43.38898113878999,-71.56626014234881,742,6469,493,48273,-0.5927,0.152,0.264
272,272,New Hampshire,RT @lilbratzzdoll: cuz I'm depressed &amp; y'all make me laugh. https://t.co/olniopEkOc,43.38898113878999,-71.56626014234881,312,319,246,1412,0.0772,0.226,0.208
273,273,New Hampshire,"Damn. Well, I guess I have to take his place. https://t.co/480mDoavu9",43.38898113878999,-71.56626014234881,206,4369,355,1640,-0.1531,0.178,0.229
274,274,New Hampshire,Hugh Hefner died...,43.38898113878999,-71.56626014234881,1689,52565,351,38904,0.0,0.0,0.0
275,275,New Hampshire,RT @lilbratzzdoll: cuz I'm depressed &amp; y'all make me laugh. https://t.co/olniopEkOc,43.38898113878999,-71.56626014234881,424,4610,396,7052,0.0772,0.226,0.208
276,276,New Hampshire,gonna get my period tonight and I am not happy about it,43.38898113878999,-71.56626014234881,170,5927,594,39987,-0.4585,0.0,0.231
277,277,New Hampshire,"RT @lilbratzzdoll: not to be dramatic or anything, but dis the cutest shit I done ever seen in my whole life. I would cry. https://t.co/Jm5‚Ä¶",43.38898113878999,-71.56626014234881,704,21748,771,17678,-0.5927,0.152,0.264
278,278,New Hampshire,"RT @lilbratzzdoll: not to be dramatic or anything, but dis the cutest shit I done ever seen in my whole life. I would cry. https://t.co/Jm5‚Ä¶",43.38898113878999,-71.56626014234881,218,1973,123,1452,-0.5927,0.152,0.264
279,279,New Jersey,https://t.co/nB0aR7SZ3k,40.38510497925318,-74.51717551867226,697,291,141,1475,0.0,0.0,0.0
280,280,New Jersey,"RT @NBCNews: BREAKING: Hugh Hefner, iconic founder of Playboy, has died at age 91 https://t.co/3Q1oHXiR09",40.38510497925318,-74.51717551867226,48,221,110,98,-0.5574,0.0,0.205
281,281,New Jersey,Family in Puerto Rico? Go there now and find out how they are.  Trump won't. #afterMaria,40.38510497925318,-74.51717551867226,1,63,8,16,0.0,0.0,0.0
282,282,New Jersey,@knataloni_ anytime lil shawt,40.38510497925318,-74.51717551867226,243,3004,219,3442,0.0,0.0,0.0
283,283,New Jersey,RT @RawFantasies: My mood whenever i commute https://t.co/fEarGp8Mfx,40.38510497925318,-74.51717551867226,43,3503,1124,1595,0.0,0.0,0.0
284,284,New Jersey,"RT @TristanACooper: Wow, the animation here is incredible, what is thi-- DAMMIT https://t.co/F932mXVWvg",40.38510497925318,-74.51717551867226,414,75190,595,92021,0.5859,0.241,0.0
285,285,New Jersey,RT @russbengtson: RIP Hef. I always read it for the articles.,40.38510497925318,-74.51717551867226,1066,3738,1274,8237,0.0,0.0,0.0
286,286,New Jersey,RT @GAFollowers: Today Atlanta voted on the decriminalization of marijuana. If approved from the committe it will move to a full vote from‚Ä¶,40.38510497925318,-74.51717551867226,1051,3189,930,7356,0.4215,0.118,0.0
287,287,New Jersey,RT @NYWellnessGuide: RT Eat #healthy fats to help reduce stubborn belly fat ‚û° https://t.co/YiiKnhspXB https://t.co/uBCpt4Aqpi #health #well‚Ä¶,40.38510497925318,-74.51717551867226,1675,474,1791,34021,0.0,0.139,0.139
288,288,New Jersey,"RT @GMA: JUST IN: Playboy founder Hugh Hefner has died at age 91, magazine confirms. https://t.co/pUfUmPn4Fd https://t.co/ucqfCepV4u",40.38510497925318,-74.51717551867226,432,1737,616,8222,-0.5574,0.0,0.184
289,289,New Mexico,@luke_fink üêê,34.695231132075484,-106.17118136792448,1003,12801,767,24115,0.0,0.0,0.0
290,290,New Mexico,@dcexaminer @aseeger3 U mean right after jz the drug dealer,34.695231132075484,-106.17118136792448,1073,4155,2940,3917,0.0,0.0,0.0
291,291,New Mexico,"RIP, Skipper. https://t.co/395tIeFWSe",34.695231132075484,-106.17118136792448,12300,366682,682,18774,0.0,0.0,0.0
292,292,New Mexico,"RT @roy_: -Abrazame!
-Pero somos edificios!
-No importa. Lo necesito!
-... Venga ese abrazo! https://t.co/lo2QKpkS2B",34.695231132075484,-106.17118136792448,69,612,293,3033,-0.5216,0.0,0.194
293,293,New Mexico,@_wanderrrlost Dude! Saaaame! I need my coffee haha,34.695231132075484,-106.17118136792448,532,2381,522,955,0.555,0.374,0.0
294,294,New Mexico,Cordell‚ù§Ô∏è‚ù§Ô∏è‚ù§Ô∏èüòç,34.695231132075484,-106.17118136792448,567,2045,794,32318,0.0,0.0,0.0
295,295,New Mexico,"@Spookycat35 @honeeeyjo blue. the color of depth and stability. the color of trust, loyalty, confidence, faith, and truth.",34.695231132075484,-106.17118136792448,590,875,306,1719,0.9349,0.539,0.0
296,296,New Mexico,"RT @roy_: -Abrazame!
-Pero somos edificios!
-No importa. Lo necesito!
-... Venga ese abrazo! https://t.co/lo2QKpkS2B",34.695231132075484,-106.17118136792448,569,7417,431,17179,-0.5216,0.0,0.194
297,297,New Mexico,"Practice makes permanent.... yesterday was filled with misses, frustrations, and sometimes even‚Ä¶ https://t.co/0oXb1gjECm",34.695231132075484,-106.17118136792448,121,300,556,10114,-0.5994,0.0,0.308
298,298,New Mexico,Con primos as√≠ para que mas jajjaja https://t.co/nHwL7q3NZD,34.695231132075484,-106.17118136792448,34727,18,394,4228,0.0,0.0,0.0
299,299,New York,RT @sadgirlkms: hello youtube today i will teach u how to get this winged eyeliner look https://t.co/25mNtQQIFc,42.22490887134225,-75.1456663260565,159,4759,70,8988,0.0,0.0,0.0
300,300,New York,RT @sadgirlkms: hello youtube today i will teach u how to get this winged eyeliner look https://t.co/25mNtQQIFc,42.22490887134225,-75.1456663260565,473,11523,283,12807,0.0,0.0,0.0
301,301,New York,I liked a @YouTube video https://t.co/IITFZy558C LEVEL 1000 AND NEVER SHOT A BULLET!,42.22490887134225,-75.1456663260565,1357,57590,564,39777,0.4753,0.256,0.0
302,302,New York,I hate soda but I love orange soda,42.22490887134225,-75.1456663260565,1538,1195,1022,150205,0.6652,0.477,0.193
303,303,New York,"@SarahLSmith677 @ChrisLoesch You must come from ""white privilege"", because you seem to be attractive enough to have‚Ä¶ https://t.co/p69tbXFuo6",42.22490887134225,-75.1456663260565,613,16649,530,84913,0.4404,0.146,0.0
304,304,New York,RT @dopelike_mimi: 4c/4b cannot relate https://t.co/v47ccSDrli,42.22490887134225,-75.1456663260565,539,35093,546,11933,0.0,0.0,0.0
305,305,New York,RT @sadgirlkms: hello youtube today i will teach u how to get this winged eyeliner look https://t.co/25mNtQQIFc,42.22490887134225,-75.1456663260565,36,6885,166,621,0.0,0.0,0.0
306,306,New York,#KingSun #Actresslife #AnthonyCommodore #2017 #Blessed https://t.co/bZowkq3t54,42.22490887134225,-75.1456663260565,152,157,563,107,0.0,0.0,0.0
307,307,New York,Hence - the billboard campaign for all the albums they put up in Toronto back in the Summer. It‚Äôs gunna be an OVOct‚Ä¶ https://t.co/3j8w6095UA,42.22490887134225,-75.1456663260565,371,17333,253,17822,0.0,0.0,0.0
308,308,New York,RT @dopelike_mimi: 4c/4b cannot relate https://t.co/v47ccSDrli,42.22490887134225,-75.1456663260565,1994,8936,998,39519,0.0,0.0,0.0
309,309,North Carolina,RT @TaetorThot_: He‚Äôs really just dying? I thought he was dead a long time ago. https://t.co/01ALBJG9KX,35.57329324074071,-79.52794157407405,4302,108128,588,193684,-0.6486,0.0,0.249
310,310,North Carolina,RT @rori_coin: https://t.co/cTFSmMY6q9,35.57329324074071,-79.52794157407405,968,17038,505,34128,0.0,0.0,0.0
311,311,North Carolina,RT @mineifiwildout: if u make a tweet wit 280 characters shit better have a thesis statement body paragraphs a full bibliography n 12 point‚Ä¶,35.57329324074071,-79.52794157407405,91,17479,526,2860,-0.1779,0.123,0.153
312,312,North Carolina,@abbyroadme @tonyposnanski I'm still laughing!,35.57329324074071,-79.52794157407405,159,12702,176,2241,0.5411,0.466,0.0
313,313,North Carolina,RT @all_in_yo_girl: They both cute as shit https://t.co/DYkh11gn8J,35.57329324074071,-79.52794157407405,1489,13986,1076,36930,-0.1531,0.238,0.286
314,314,North Carolina,@KendraWilkinson Just read the sad news.  I'm thinking of you love and am so sorry for your loss.,35.57329324074071,-79.52794157407405,91,2074,234,538,-0.2362,0.166,0.282
315,315,North Carolina,Old school Rihanna can really make you feel some type of way,35.57329324074071,-79.52794157407405,469,3018,436,3850,0.0,0.0,0.0
316,316,North Carolina,RT @mineifiwildout: fellas be honest is it gay to close kitchen drawers wit ur hip if ur hands are full,35.57329324074071,-79.52794157407405,113,11047,94,17897,0.5106,0.148,0.0
317,317,North Carolina,RT @StewartHaasRcng: Spreading good karma! RT &amp; follow for your chance to win this No. 41 @Haas_Automation hat autographed by @KurtBusch. W‚Ä¶,35.57329324074071,-79.52794157407405,119,1009,643,526,0.7574,0.305,0.085
318,318,North Carolina,RIP Hugh Hefner,35.57329324074071,-79.52794157407405,175,15,425,11973,0.0,0.0,0.0
319,319,North Dakota,"#LOVEYOURSELFJHOPE
We love you, everyone does. Don't ever forget that. Please 
@BTS_twt",47.51121453201971,-99.61118177339891,59,3333,79,466,0.8001,0.476,0.0
320,320,North Dakota,@taylor_helgeson I am seriously so over school üÜò,47.51121453201971,-99.61118177339891,248,1288,164,11116,-0.1779,0.0,0.254
321,321,North Dakota,"Today I'm thankful for fall leaves, painted sunsets on country roads and harry styles.",47.51121453201971,-99.61118177339891,248,6174,650,9049,0.5719,0.222,0.0
322,322,North Dakota,@SaraStegeman @jenatollefson SAME üò©üòã,47.51121453201971,-99.61118177339891,149,3722,209,2364,0.0,0.0,0.0
323,323,North Dakota,RT @NDheart: ADietSodaaDayMayRaiseRiskofStroke&amp;Dementia-HeartInsightMag-Fall2017 https://t.co/kj7h1WdxrY,47.51121453201971,-99.61118177339891,1107,571,203,973,0.0,0.0,0.0
324,324,North Dakota,"@MinneapolisAce 1/ I understand your dilemma. Not sure if I should thank @btxj for bringing ""Bort-O-Potty"" into my life...",47.51121453201971,-99.61118177339891,15,175,67,57,0.4767,0.234,0.083
325,325,North Dakota,So unfit! #trumprussia #TrumpCrimeFamily #trumpFRAUD https://t.co/nACgPUYC3s,47.51121453201971,-99.61118177339891,7444,6130,6542,172193,0.0,0.0,0.0
326,326,North Dakota,I can never sleep on the bus üôÑ,47.51121453201971,-99.61118177339891,531,11095,605,10343,0.0,0.0,0.0
327,327,North Dakota,"RT @_JoeGucc: No wayy, need playboy tat @Jimmy_Ings https://t.co/RTBQFq9Ta1",47.51121453201971,-99.61118177339891,894,4440,774,28530,-0.296,0.0,0.216
328,328,North Dakota,Goodnight friends and family I love yall,47.51121453201971,-99.61118177339891,205,23,1565,314,0.8074,0.646,0.0
329,329,Ohio,@EspineuxAlpha And then I have to document it all. Hang in there.,40.387887835926534,-82.7389250353606,1568,10420,794,118788,0.0,0.0,0.0
330,330,Ohio,I keep my head.. both of them where they suppose to be,40.387887835926534,-82.7389250353606,517,1517,246,43915,0.0,0.0,0.0
331,331,Ohio,I need it to be cold outside,40.387887835926534,-82.7389250353606,357,8443,385,10250,0.0,0.0,0.0
332,332,Ohio,Legit thought Hefner was going to live forever.,40.387887835926534,-82.7389250353606,2679,7915,333,23016,0.0,0.0,0.0
333,333,Ohio,@jake_bon4 Twitter helps me cope actually. Lots of funny shit on here.,40.387887835926534,-82.7389250353606,926,19368,459,9410,0.2263,0.304,0.199
334,334,Ohio,@kaylaXzaiatz Ask her how to row a boat but on the phone so you hear her voice,40.387887835926534,-82.7389250353606,1058,78717,542,30729,0.0,0.0,0.0
335,335,Ohio,@trin_nevaeh tbh you my bff and u stay eating my food but u the best,40.387887835926534,-82.7389250353606,103,377,407,410,0.85,0.429,0.0
336,336,Ohio,RT @nothingb4u: Jared on how the show should end... https://t.co/pFJOzJeFtf,40.387887835926534,-82.7389250353606,479,190833,123,248740,0.0,0.0,0.0
337,337,Ohio,Now Playing Alfred banaman - Track 4 on Ahenfie Radio (https://t.co/estgnNyMpP),40.387887835926534,-82.7389250353606,908,21,110,385820,0.2023,0.184,0.0
338,338,Ohio,I have no idea why but this makes me sad https://t.co/9trvjRAkO9,40.387887835926534,-82.7389250353606,1000,27613,540,11018,-0.6956,0.0,0.418
339,339,Oklahoma,RIP big pimpin https://t.co/cbqJXldVzw,35.511278534031355,-97.00107107329843,11416,9176,1259,64989,0.0,0.0,0.0
340,340,Oklahoma,"4 ALPINE ANTICS‚ÄîImitates superior Mickey cartoons‚Äîshows WB still figuring out their own sensibilities, and that Beans will never be a star.",35.511278534031355,-97.00107107329843,456,8861,986,10233,0.5423,0.163,0.0
341,341,Oklahoma,RT @coachdurhamokc: MUSTANG FAMILY: OCTOBER 1ST. ITS OFFICIAL PRACTICE https://t.co/OQW6DT6TfT,35.511278534031355,-97.00107107329843,297,334,386,186,0.0,0.0,0.0
342,342,Oklahoma,I thought he might live forever. https://t.co/f9cC06QxkM,35.511278534031355,-97.00107107329843,380,15672,554,14828,0.0,0.0,0.0
343,343,Oklahoma,"RT @postordinary: @CharlieDaniels Your answer, washed up country man:

https://t.co/C1KpJRAPtU",35.511278534031355,-97.00107107329843,1231,14005,1224,49681,0.0,0.0,0.0
344,344,Oklahoma,https://t.co/tppCPkwuDi,35.511278534031355,-97.00107107329843,15,7,105,255,0.0,0.0,0.0
345,345,Oklahoma,@theboyonthebike When was the church in America Christian?,35.511278534031355,-97.00107107329843,269,164,220,1669,0.0,0.0,0.0
346,346,Oklahoma,my fav thing https://t.co/1BvNokpRKG,35.511278534031355,-97.00107107329843,1806,12908,1495,15958,0.4588,0.5,0.0
347,347,Oklahoma,RT @GEC4OU: Please come and show your support tomorrowüïØ https://t.co/o9ETiMJueR,35.511278534031355,-97.00107107329843,455,38430,577,6885,0.6124,0.385,0.0
348,348,Oklahoma,The autopsy revealed Hugh Hefner died from an overdose of Viagra.  He tripped on his Boner and broke his neck.  #hughhefner #rip,35.511278534031355,-97.00107107329843,695,4957,990,40380,-0.7506,0.0,0.242
349,349,Oregon,"I really hope so, she's been trying to have a baby for years üò¢ https://t.co/6ER4MvPVLk",44.523445606694594,-122.08347008368204,465,14485,351,5926,0.4927,0.225,0.0
350,350,Oregon,@nomadpdx Thoughts and prayers,44.523445606694594,-122.08347008368204,565,1010,678,56475,0.0,0.0,0.0
351,351,Oregon,RT @deysentrosa: Na madruga a internet at√© colabora.. vamo que vamo #FicaFlavia https://t.co/PniUNUwHei,44.523445606694594,-122.08347008368204,6207,41469,5880,287629,0.0,0.0,0.0
352,352,Oregon,"Playboy Founder, Publishing Icon Hugh Hefner Dead at 91 https://t.co/Zp95ZbCLm1",44.523445606694594,-122.08347008368204,223,33,537,19981,-0.6486,0.0,0.323
353,353,Oregon,@jessdirty what an extraordinary dumbass,44.523445606694594,-122.08347008368204,1993,34686,106,9914,-0.5574,0.0,0.474
354,354,Oregon,"I hardly get on anything, I'm focusing on better things",44.523445606694594,-122.08347008368204,150,112,113,905,0.4404,0.266,0.0
355,355,Oregon,it was a great day for our first day of our 2017 grape harvest!  Many thanks to our team for the‚Ä¶ https://t.co/deFJ1H5Gon,44.523445606694594,-122.08347008368204,235,21,337,4659,0.807,0.277,0.0
356,356,Oregon,https://t.co/YJ8Hxvz533,44.523445606694594,-122.08347008368204,565,1010,678,56475,0.0,0.0,0.0
357,357,Oregon,"„ÄåËÄÉ„Åà„ÇãÂäõ„Åå„Å™„ÅÑÂ≠ê„Äç„ÇíÂ§â„Åà„Çã3„Å§„ÅÆÂïè„ÅÑ„Åã„ÅëÔºàÊù±Ê¥ãÁµåÊ∏à„Ç™„É≥„É©„Ç§„É≥Ôºâ

„Åµ„ÇÄ„Åµ„ÇÄ https://t.co/49NC4SSEgW",44.523445606694594,-122.08347008368204,1766,56573,684,94887,0.0,0.0,0.0
358,358,Oregon,"#ImTakingDonations to support the rich people of the world,  they need our help NOW https://t.co/mqJxIvQ1bL",44.523445606694594,-122.08347008368204,1091,17799,1039,12262,0.8402,0.429,0.0
359,359,Pennsylvania,Update: the blacks have also acquired Max Kellerman from waivers. Inquiries in acquiring Bob Costas are also in eff‚Ä¶ https://t.co/45inARYekj,40.62017448275856,-77.56197057471273,1846,46603,1414,60938,0.0,0.0,0.0
360,360,Pennsylvania,"I guess he is reviving the despotism of a former countryman,  Hitler https://t.co/3aU3QmLUUj",40.62017448275856,-77.56197057471273,46840,118,667,71498,0.0,0.0,0.0
361,361,Pennsylvania,RT @anthonyzarzycki: @maggie_malecki @johnnapurcell You voted Trump. I voted Clinton. The fact we both know @UPUA fucked up tonight says a‚Ä¶,40.62017448275856,-77.56197057471273,386,4823,283,6363,-0.6597,0.0,0.188
362,362,Pennsylvania,"So far -I got harassed and touched by a creep in the elevator, cussed out&amp;called a skinny bitch by my patient, &amp;burnt my hand on a tomato",40.62017448275856,-77.56197057471273,200,1179,351,1454,-0.6249,0.102,0.232
363,363,Pennsylvania,RT @PSUBarstool: Preview for Saturday... #LionsBy90 https://t.co/YsDpkjzVzU,40.62017448275856,-77.56197057471273,318,3572,213,970,0.0,0.0,0.0
364,364,Pennsylvania,"@STX488 My advice, put him &amp; my fav separate. In your tribute.",40.62017448275856,-77.56197057471273,591,6277,1291,85937,0.4588,0.214,0.0
365,365,Pennsylvania,"RT @hank259: Dear #SlateSpeak family. LISTEN. We talking about racism tomorrow night. 9pm Est. Racism. White Supremacy, the Church, and you‚Ä¶",40.62017448275856,-77.56197057471273,333,57553,786,36625,-0.7506,0.131,0.283
366,366,Pennsylvania,Feel so empty lately,40.62017448275856,-77.56197057471273,633,11880,587,2992,-0.2716,0.0,0.411
367,367,Pennsylvania,Big Brother Where Art Thou #RealityTvAMovie,40.62017448275856,-77.56197057471273,2067,14660,2143,11302,0.0,0.0,0.0
368,368,Pennsylvania,"RT @WilDonnelly: Newly released email shows DOJ illegally colluded with voter commission to pack it with far-right conservatives
https://t.‚Ä¶",40.62017448275856,-77.56197057471273,59,14322,203,3788,0.0,0.0,0.0
369,369,Rhode Island,"#Fukushima #GeoEngineering
.@msmilkytheclown 6/16/17
...
Hawaii Coral Reefs Dying, apparently because of Sunscreen ü§î
https://t.co/m1sDppVouh",41.70803333333336,-71.5019277777778,15453,55022,2607,214650,0.0,0.0,0.0
370,370,Rhode Island,having the best time of my life,41.70803333333336,-71.5019277777778,952,131678,472,78192,0.6369,0.412,0.0
371,371,Rhode Island,"todo mundo pode ''secar'' o time de todo mundo, quando seca o flamengo pau quebra; terrrr√≠vel",41.70803333333336,-71.5019277777778,1290,6771,763,34614,0.0,0.0,0.0
372,372,Rhode Island,You guys waste no time üíÄüíÄüíÄ #hughhefner https://t.co/JdTD4DRDFb,41.70803333333336,-71.5019277777778,38,89,95,190,-0.6124,0.0,0.455
373,373,Rhode Island,RT @KassyDillon: No. I expressed my voice by voting for who I thought was better instead of voting for someone just because they are the sa‚Ä¶,41.70803333333336,-71.5019277777778,695,2429,461,33752,0.1779,0.107,0.081
374,374,Rhode Island,@Dansgaming Me finding out I can use the emotes to text people !!!!,41.70803333333336,-71.5019277777778,346,5427,454,7390,0.0,0.0,0.0
375,375,Rhode Island,Wow #HughHefner passed away! I kind of thought he never would! #Playboy RIP Hugh! üê∞,41.70803333333336,-71.5019277777778,61,9965,381,5025,0.6884,0.28,0.0
376,376,Rhode Island,"RT @CHUUNl: maybe instead of doubling chararcter limit, twitter should STOP SHOWING YOU WHAT YOUR GAY FURRY FRIENDS LIKED WHEN THEY WERE HO‚Ä¶",41.70803333333336,-71.5019277777778,100,30520,635,13384,0.6633,0.243,0.097
377,377,Rhode Island,"i tell my godkids &amp; niece all the time ""talk to me when you're done crying or not at all""",41.70803333333336,-71.5019277777778,737,4579,394,80918,-0.4767,0.0,0.147
378,378,Rhode Island,I hope u had a good day today cupcake https://t.co/iQFXGEmuHU,41.70803333333336,-71.5019277777778,23,143,21,1004,0.7003,0.537,0.0
379,379,South Carolina,üòßü§ûüèº https://t.co/v8Xjp1kJr1,33.95909101123593,-81.05254625468156,449,241,170,285,0.0,0.0,0.0
380,380,South Carolina,"RT @Wolv_2017: Ok to #SuspendJonesAct for Texas and Florida, but not the ISLAND of Puerto Rico?

Not many whites affected on PR?

#TrumpIsA‚Ä¶",33.95909101123593,-81.05254625468156,1231,114490,2170,97732,-0.168,0.064,0.091
381,381,South Carolina,@kokobutts the only one thats really cute is jyushi and ichi everyone else looks Bad,33.95909101123593,-81.05254625468156,185,62496,400,68762,-0.0534,0.166,0.177
382,382,South Carolina,"It just isn't so corporations can make more $, but also because the ppl in PR, USVI  have varying skin tones. https://t.co/h1FdBmXu37",33.95909101123593,-81.05254625468156,453,8524,173,43350,0.0,0.0,0.0
383,383,South Carolina,Dead cheating with samples https://t.co/rMgajmJvsi,33.95909101123593,-81.05254625468156,1176,5983,456,49342,-0.836,0.0,0.725
384,384,South Carolina,@tbatch13 You‚Äôre too cute for me aren‚Äôt ya,33.95909101123593,-81.05254625468156,380,4780,236,5473,0.4588,0.3,0.0
385,385,South Carolina,https://t.co/b9wgEWGaTp,33.95909101123593,-81.05254625468156,111,693,71,6675,0.0,0.0,0.0
386,386,South Carolina,RT @Bakari_Sellers: ‚úäüèæ young SOB!!! https://t.co/J84qH18oo6,33.95909101123593,-81.05254625468156,393,45104,1183,15289,-0.5587,0.0,0.419
387,387,South Carolina,@mrkruffalo yeah they need more ass meat both of em. they dont have to be hugh jackman big tho unless theyre playing big boss,33.95909101123593,-81.05254625468156,1834,94542,1010,97163,-0.2006,0.139,0.132
388,388,South Carolina,Stats for the day have arrived. 2 new unfollowers. Stats via https://t.co/rKdpbczdVA.,33.95909101123593,-81.05254625468156,1235,1392,1304,1871,0.0,0.0,0.0
389,389,South Dakota,RT @ProjNativeHope: The suicide crisis among young Native people is tragic and alarming. Help show Native youth that life is worth it: http‚Ä¶,44.300723116883105,-99.12251090909105,198,16507,103,10051,-0.8591,0.133,0.378
390,390,South Dakota,"RT @martyskovlundjr: Kneeling during taps is not ok, under any circumstances. This is a quick way to derail legit concerns being raised by‚Ä¶",44.300723116883105,-99.12251090909105,190,309,452,4261,-0.4745,0.0,0.17
391,391,South Dakota,@LexMcGillvrey20 People talk poorly about you??? Pshh I don't believe it. You're too amazing üòò,44.300723116883105,-99.12251090909105,450,4381,434,2624,0.6531,0.266,0.0
392,392,South Dakota,@KeithHawk15 @DysanLewis you got knocked the fuck out. How i hit. https://t.co/kCSLp9fn3E,44.300723116883105,-99.12251090909105,426,2006,914,2319,-0.5423,0.0,0.259
393,393,South Dakota,Things are going too smooth right now which is reasonably odd. What's next ? üôà,44.300723116883105,-99.12251090909105,324,262,197,3374,-0.3182,0.0,0.161
394,394,South Dakota,@ebenkampfarms 860 reminds me of a guy I helped in 1994. üëç,44.300723116883105,-99.12251090909105,3387,30821,713,15059,0.0,0.0,0.0
395,395,South Dakota,It's hard to feel sorry for yourself when you know the outcome yet set yourself up in the position to fail anyway,44.300723116883105,-99.12251090909105,339,1352,252,748,-0.6369,0.0,0.246
396,396,South Dakota,@leereichmuth Silly.,44.300723116883105,-99.12251090909105,3387,30821,713,15059,0.0258,0.524,0.0
397,397,South Dakota,"RT @Imcaitlynnnn: i don‚Äôt mean to be dramatic, but i hope i go so hard at the slip n slide tonight that i die",44.300723116883105,-99.12251090909105,19,10,21,13,-0.5483,0.141,0.271
398,398,South Dakota,Soil Temperature Part 1: Comparing Conventionally Tilled vs. No Tilled T... https://t.co/dNrMCwQDnX via @meritormyth,44.300723116883105,-99.12251090909105,1993,2553,2097,5110,-0.296,0.0,0.145
399,399,Tennessee,I just set my alarm for 6 in the morning and @EanTate better love me,35.80646968152865,-86.43145273885355,969,13638,1347,5846,0.6908,0.364,0.123
400,400,Tennessee,RT @JudahLee: The thing about babies is they are extremely hard to talk to because they can't talk.,35.80646968152865,-86.43145273885355,157,4313,244,732,-0.1761,0.0,0.091
401,401,Tennessee,Hugh Freeze wouldn‚Äôt have been in so much trouble if he just bought a magazine from Hef,35.80646968152865,-86.43145273885355,6005,25311,2199,67524,-0.4173,0.066,0.164
402,402,Tennessee,RT @itsdougthepug: U can take the pizza out of the pug but u can't take the pug out of the pizza https://t.co/RdnSxrgLso,35.80646968152865,-86.43145273885355,217,1999,152,39923,0.0,0.0,0.0
403,403,Tennessee,@niiicoleeeexo üó£EVEN IN MY SLEEP I BETTER BE MENTIONED WHORE,35.80646968152865,-86.43145273885355,6185,311,1028,301919,-0.34,0.232,0.321
404,404,Tennessee,RT @SteveBannen: We need to repeal and replace every single establishment Republican.,35.80646968152865,-86.43145273885355,425,9884,666,5987,0.0,0.0,0.0
405,405,Tennessee,R.I.P Hugh....put some respeck on that https://t.co/ecLKbNwLIJ,35.80646968152865,-86.43145273885355,911,2249,1132,6369,0.0,0.0,0.0
406,406,Texas,RT @memexgod: this is the future that vegans want https://t.co/DVAyw57NJn,31.27133614643547,-98.00005726396873,366,12333,87,12106,0.0772,0.126,0.0
407,407,Texas,@kzepeda8  https://t.co/g1DZJ32bq4,31.27133614643547,-98.00005726396873,225,3990,487,4100,0.0,0.0,0.0
408,408,Texas,what more do you expect outta this town lmao https://t.co/do6vmZhxXU,31.27133614643547,-98.00005726396873,90,1327,112,422,0.5994,0.302,0.0
409,409,Texas,RT @YanishaSantiago: CMON NOW LIKE LOOK AT THIS!! COME GET UR PIC TAKEN!!!! https://t.co/b0mp6rqPOU,31.27133614643547,-98.00005726396873,316,3433,377,3239,0.6598,0.253,0.0
410,410,Texas,RT @therealyvngJay: Game day tomorrow!!! Going to war with my brother!!!üíØüèà https://t.co/BscqwJPhlL,31.27133614643547,-98.00005726396873,319,6427,251,3052,-0.7243,0.0,0.315
411,411,Texas,"May he Rest In Peace.

But seriously, the only thing between you &amp; death is quite literally a seatbelt. Wear it. https://t.co/67tif4opm9",31.27133614643547,-98.00005726396873,2635,32890,393,3166,-0.2732,0.129,0.207
412,412,Texas,im sleepy as heck but i don‚Äôt wanna sleep because i don‚Äôt wanna leave my bed in the AM üò©,31.27133614643547,-98.00005726396873,1526,21986,834,28536,-0.0772,0.0,0.075
413,413,Texas,Ready to soak in this tub üõÄüèø,31.27133614643547,-98.00005726396873,362,496,929,2485,0.3612,0.294,0.0
414,414,Texas,@KristinAshley13 We used to just be so fun haha,31.27133614643547,-98.00005726396873,378,8613,340,2520,0.8186,0.518,0.0
415,415,Texas,"RT @BellaAshlynn: Me: I kid
Boy: you better be https://t.co/lM1h8SoWB1",31.27133614643547,-98.00005726396873,79,5433,329,346,0.4404,0.266,0.0
416,416,Utah,I could really use a h*ckin doggo rn,39.908995953757255,-111.83107687861263,285,10531,339,7623,0.0,0.0,0.0
417,417,Utah,"RT @_Tamsey: Went gray for the pussy, Hugh probably spent his last days in the pussy https://t.co/Q0NA44Knh8",39.908995953757255,-111.83107687861263,1689,3775,979,175700,0.0,0.0,0.0
418,418,Utah,RT @harbormunoz: Is this that Dutch kid on the @rslshow ? @Its_Mitxh https://t.co/Zfk0lK3QV6,39.908995953757255,-111.83107687861263,473,19202,434,38529,0.0,0.0,0.0
419,419,Utah,"Went gray for the pussy, Hugh probably spent his last days in the pussy https://t.co/Q0NA44Knh8",39.908995953757255,-111.83107687861263,2464,960,1289,418570,0.0,0.0,0.0
420,420,Utah,Oh my GOD https://t.co/iYHRuN3O0k,39.908995953757255,-111.83107687861263,1031,94030,692,106737,0.4278,0.486,0.0
421,421,Utah,@stephenbowlby @MorningEdition @NPR I don't believe we can change the climate. It naturally changes dramatically ov‚Ä¶ https://t.co/m0BUYZAL7V,39.908995953757255,-111.83107687861263,44,633,77,1261,0.0,0.0,0.0
422,422,Utah,"pt.2, gabby kicking me out of her room:) @gabbydavis_3 https://t.co/d8NgijWeRb",39.908995953757255,-111.83107687861263,308,863,288,223,0.0,0.0,0.0
423,423,Utah,@AngelesCannabis No darling haven't tried it yet! #IsItWorthIt?,39.908995953757255,-111.83107687861263,1062,97,1590,4594,0.4389,0.333,0.179
424,424,Utah,Your last visits in this url ... https://t.co/rbqmwZagdU,39.908995953757255,-111.83107687861263,2001,43213,439,1933,0.0,0.0,0.0
425,425,Vermont,What Type of Electrical Wiring Is Best? | eHow https://t.co/4VHHXR9AHb,44.033687012987045,-72.65010487012991,275,0,0,14207,0.6369,0.344,0.0
426,426,Vermont,@AndHerDeadPets hi,44.033687012987045,-72.65010487012991,3,12,45,10,0.0,0.0,0.0
427,427,Vermont,This heat wave is destroying my sleep schedule https://t.co/HoAlLBTH00,44.033687012987045,-72.65010487012991,1590,9282,957,44779,-0.5574,0.0,0.31
428,428,Vermont,"@thebritt_baker Congrats on your new brewer! Don't forget to register it online at https://t.co/1YndxCn8QI, to qual‚Ä¶ https://t.co/eBbPm6ivxU",44.033687012987045,-72.65010487012991,113615,7920,3198,63281,0.6551,0.263,0.0
429,429,Vermont,@GiffinD I'm glad Cidney stayed there for so long because it was so horrible üòÇ,44.033687012987045,-72.65010487012991,524,1787,780,3237,-0.3593,0.154,0.23
430,430,Vermont,"His death will probably be celebrated by feminists, but most don't know that Hugh Hefner funded more than 50% of Roe v Wade.

RIP Hugh.",44.033687012987045,-72.65010487012991,243,684,251,18901,-0.0258,0.088,0.091
431,431,Vermont,RT @BrendanNyhan: Future US senator https://t.co/xoDMwysyXS,44.033687012987045,-72.65010487012991,70,5450,258,1147,0.0,0.0,0.0
432,432,Vermont,@B_Jealouz  https://t.co/YmphYg1S2I,44.033687012987045,-72.65010487012991,126,6583,662,173,0.0,0.0,0.0
433,433,Vermont,"RT @secretcabdriver: Hugh Hefner (April 9, 1926 ‚Äì September 27, 2017) #RIP https://t.co/1oGTJIAS1X",44.033687012987045,-72.65010487012991,1339,18421,2756,49311,0.0,0.0,0.0
434,434,Vermont,RT @benandjerrys: Close enough. https://t.co/tJzGSiIasK,44.033687012987045,-72.65010487012991,403,41380,290,38257,0.0,0.0,0.0
435,435,Virginia,Yeah dumb ass https://t.co/j7WsK2jV3t,37.71425297029703,-78.2282016501649,1267,28571,914,11722,-0.6808,0.22,0.68
436,436,Virginia,"@SeanTibbetts87 Have friends over and watch old movies. Free from the library. Wings and beer go with ""The Dirty Dozen"".",37.71425297029703,-78.2282016501649,2061,393,4501,2257,0.5423,0.243,0.11
437,437,Virginia,RT @CCarterstyle: Enchiladadavida  #BakeATune,37.71425297029703,-78.2282016501649,4112,27141,4578,238240,0.0,0.0,0.0
438,438,Virginia,"@Bella_Vita718 @mephiousv @JDfromNY206 I'm not being sarcastic, that's literally what happened. I was blocked on Mo‚Ä¶ https://t.co/yprTtQzXm2",37.71425297029703,-78.2282016501649,5195,60891,699,54338,-0.0926,0.098,0.118
439,439,Virginia,UNCUTmagazine Post | WordsWithWade Podcast Episode #48 | ‚ÄúLife Comes At You Fast‚Äù https://t.co/RwZSKaWApF... https://t.co/vHcxZq60SL,37.71425297029703,-78.2282016501649,4377,42,414,85717,0.0,0.0,0.0
440,440,Virginia,"RIP @hughhefner üò¢

üôèüèæüôèüèæüôèüèæüôèüèæüôèüèæüôèüèæüôèüèæ",37.71425297029703,-78.2282016501649,21432,8,21317,6005,0.0,0.0,0.0
441,441,Virginia,I'm not meant for this,37.71425297029703,-78.2282016501649,606,23285,368,6075,0.0,0.0,0.0
442,442,Virginia,Cant we call a snap election for @POTUS to get president orange out https://t.co/RMKUUdXtHV,37.71425297029703,-78.2282016501649,14841,11260,164,27167,0.0,0.0,0.0
443,443,Virginia,RT @Spyda4President: Being from D.C saying ‚Äúbe safe‚Äù really means ‚ÄúI love you‚Äù. üíØ,37.71425297029703,-78.2282016501649,2551,8780,2420,44609,0.6666,0.271,0.0
444,444,Virginia,RT @Hiernfern: Someone made a naruto run through vcu event on Facebook and apparently some girl actually broke her wrist during it... that'‚Ä¶,37.71425297029703,-78.2282016501649,818,82484,687,48716,-0.4215,0.0,0.118
445,445,Washington,She can't even beat other women üòÇ https://t.co/0tDsLPEFaI,47.34619860335199,-121.22007695530716,491,4312,342,7090,0.0,0.0,0.0
446,446,Washington,Noooo Hugh Hefner has died.,47.34619860335199,-121.22007695530716,450,1358,948,9694,-0.5574,0.0,0.474
447,447,Washington,RT @NWGreenApple: @JohnWUSMC @realDonaldTrump @Md_Renegade @MichaelsANewman @Redheaded_Jenn @katxarielle @lellygal @hrenee80 @BethanyJuno @‚Ä¶,47.34619860335199,-121.22007695530716,24833,5323,17066,145961,0.0,0.0,0.0
448,448,Washington,RT @dhodges90: @w_terrence @meghanlinsey I don't even know who this is...,47.34619860335199,-121.22007695530716,17,842,51,863,0.0,0.0,0.0
449,449,Washington,"So sad. Such an icon. On the bright side, it is the first time he's been stiff in years, naturally https://t.co/eAtcdgJuDs",47.34619860335199,-121.22007695530716,954,48699,1564,12023,-0.1263,0.115,0.134
450,450,Washington,@Loralynn42 Wow... what a life he lived,47.34619860335199,-121.22007695530716,1933,97308,1407,58905,0.0,0.0,0.0
451,451,West Virginia,this is fr me https://t.co/JHWDZUUzoL,38.48568200000003,-80.97680282352944,1224,27900,734,22735,0.0,0.0,0.0
452,452,West Virginia,Gained 1 followers and lost 1 (stats by https://t.co/5Hfpe1em2x),38.48568200000003,-80.97680282352944,220,1807,611,7130,0.0772,0.263,0.232
453,453,West Virginia,On a mission to get some nuggs and save some lives #AthleticTrainingStudents #wendys @sarah_sisson1 https://t.co/ZWKVzBrgml,38.48568200000003,-80.97680282352944,513,4832,835,5085,0.4939,0.198,0.0
454,454,West Virginia,RT @thatsokellyy: Stranger things is back in a month Stranger things is back in a month Stranger things is back in a month Stranger things‚Ä¶,38.48568200000003,-80.97680282352944,1733,16466,703,70821,0.0,0.0,0.0
455,455,West Virginia,RT @thatsokellyy: Stranger things is back in a month Stranger things is back in a month Stranger things is back in a month Stranger things‚Ä¶,38.48568200000003,-80.97680282352944,425,3414,284,2107,0.0,0.0,0.0
456,456,West Virginia,RT @ashbuuuug: this has been a shitty week &amp; im over it.,38.48568200000003,-80.97680282352944,956,11303,943,9625,-0.5574,0.0,0.265
457,457,West Virginia,"RT @laurieshan: #ORIGINALpainting ""Magical Facade"" available #Unicorn #fantasy #girl&amp;unicorn pastel art #LaurieShanholtzer link -
 https://‚Ä¶",38.48568200000003,-80.97680282352944,4427,3715,4323,35858,0.0,0.0,0.0
458,458,West Virginia,RT @_manoDom: K k k k k k k k km. K kk xora Naum bb https://t.co/uyB4ZcDN26,38.48568200000003,-80.97680282352944,448,1796,363,7979,0.3612,0.263,0.0
459,459,West Virginia,NOOOOOOOO https://t.co/Ijn3Mz3yBR,38.48568200000003,-80.97680282352944,155,2106,192,4626,0.0,0.0,0.0
460,460,West Virginia,RT @madeleinenoel_: my love https://t.co/7j2TtynkOu,38.48568200000003,-80.97680282352944,377,686,270,699,0.6369,0.512,0.0
461,461,Wisconsin,RT @ScottWalker: Republicans made gains in the states because we kept our bold promises. GOP Senators need to do the same and #RepealAndRep‚Ä¶,44.10915569196429,-89.53460022321438,11,1122,57,1426,0.765,0.275,0.0
462,462,Wisconsin,Yeah baby!! Good Night &amp; Sweet Dreams EVERYONE!!!! https://t.co/Hc9TbayWtO,44.10915569196429,-89.53460022321438,131,101,290,2257,0.8994,0.705,0.0
463,463,Wisconsin,I liked a @YouTube video https://t.co/MlR0DLvIDp 2 Month MtF Transition Update Stream | ContraPoints,44.10915569196429,-89.53460022321438,312,10469,370,9422,0.4215,0.237,0.0
464,464,Wisconsin,Washing my hands with people who refuse to grow...We can share our stories at the finish line.,44.10915569196429,-89.53460022321438,16399,527,2258,112667,0.0,0.113,0.113
465,465,Wisconsin,"Just hit that up bro, listening right now. that beat bro...üî• https://t.co/etBV1sNq9m",44.10915569196429,-89.53460022321438,233,732,416,2333,0.0,0.0,0.0
466,466,Wisconsin,@stuartroberts12 @neilbaxter85 @VadersStreams @VaderReseller It is a iptv player which also has android installed.‚Ä¶ https://t.co/LgG9mnMOIL,44.10915569196429,-89.53460022321438,91,417,129,1057,0.0,0.0,0.0
467,467,Wisconsin,"RT @pnehlen: So, @MooreSenate spent about $1M versus McConnell's $30M and had @POTUS campaign for Strange...

Still think this guy isn't be‚Ä¶",44.10915569196429,-89.53460022321438,163,2601,506,3009,0.0,0.0,0.0
468,468,Wyoming,"Waited all fucking evening to go get you and then you say, ""I'm staying here"". Well, fuck you too!",42.86029384615386,-107.2965220512821,151,289,124,7597,-0.4003,0.092,0.166
469,469,Wyoming,I am so excited for #ONA17 - This will be my 5th conference. Let me know if you need anything. #NoSleepTilONA17,42.86029384615386,-107.2965220512821,1230,711,554,8852,0.4005,0.13,0.0
470,470,Wyoming,I wish somebody would be proud of me for onceüòî,42.86029384615386,-107.2965220512821,123,1347,123,933,0.7003,0.453,0.0
471,471,Wyoming,RT @CharlotteHecht: Quizlet may be God's greatest gift to humanity.,42.86029384615386,-107.2965220512821,441,13609,303,6910,0.7964,0.47,0.0
472,472,Wyoming,Didn't mention any toad sharks ü§î @CONpeps https://t.co/KJ8c5TsWrc,42.86029384615386,-107.2965220512821,714,7516,472,9103,0.0,0.0,0.0
473,473,Wyoming,RT @CharlotteHecht: Quizlet may be God's greatest gift to humanity.,42.86029384615386,-107.2965220512821,863,11318,592,17794,0.7964,0.47,0.0
